,Judul,Isi
0,Survei Litbang Kompas Capres 2024: Ganjar Ungguli Prabowo dan Anies,Survei Litbang Kompas menunjukkan elektabilitas Ganjar Pranowo unggul dibanding Prabowo Subianto dan Anies Baswedan sebagai kandidat capres pada Pilpres 2024.
1,"Dipayungi AHY, Surya Paloh Tiba di Markas Demokrat Matangkan Koalisi",Paloh langsung disambut oleh AHY. Terlihat AHY memayungi Paloh saat keluar mobil. Keduanya langsung masuk menuju Ruang Biru DPP Partai Demokrat.
2,Survei Litbang Kompas: Ridwan Kamil Dominan di Figur Capres Alternatif,Gubernur Jawa Barat Ridwan Kamil unggul dominan di survei figur capres alternatif.
3,Bawaslu Dorong Ada Penerjemah bagi Disabilitas Setiap Kampanye,Bawaslu mendorong peserta Pemilu 2024 untuk menyediakan penerjemah bagi kelompok disabilitas.
4,PD dan PKS Tak Iri Meski Elektabilitas NasDem Melesat Berkat Anies,PKS dan Demokrat memahami kenaikan elektoral NasDem di survei Litbang Kompas karena efek ekor jas Anies Baswedan. Meski begitu keduanya tidak merasa iri.
5,"Pileg 2024, PKB Bidik 14 Kursi DPRD Kabupaten Bandung",PKB mulai nge-gas jelang Pemilu 2024. Partai PKB kini tengah membidik 14 kursi di DPRD Kabupaten Bandung pada Pileg 2024 mendatang.
6,Mangku Pastika-Gede Suardana Tampil 'Mesra' dalam Diskusi Kebangsaan,Bakal calon DPD Dr. Gede Suardana bersama anggota DPD Dr. Made Mangku Pastika tampil bersama dalam diskusi sosialisasi empat pilar kebangsaan.
7,Andre Rosiade Tegaskan Polarisasi Tak Diperlukan: Solusinya Prabowo Presiden,Andre Rosiade berbicara mengenai rekonsiliasi Prabowo yang bergabung ke Jokowi. Andre menilai Prabowo cocok jadi Presiden sebagai solusi mengatasi polarisasi.
8,Petugas Pantarlih Lumajang Coklit Data Pemilih 2024 Sambil Jualan Pentol,Petugas Pantarlih di Lumajang ini unik. Dia tetap berjualan pentol keliling saat melakukan tugas pencocokan dan penelitian data pemilih.
9,"Gus Yahya Tak Haramkan Warga NU Coblos PAN, PKB Jatim: Cambuk Buat Kami",Ketua Umum PBNU Gus Yahya menyebut warga NU tak haram untuk memilih PAN. Statement itu justru jadi pelecut semangat PKB yang selama ini punya basis Nahdliyin.
10,"Suara NU Jadi Rebutan di Pemilu 2024, Pengamat: Mayoritas Masih Pilih PKB","Suara NU diprediksi akan pecah dan jadi rebutan di Pemilu 2024. Namun, menurut pengamat politik, suara NU mayoritas tetap akan ke PKB."
11,"PKS Rakernas Akhir Pekan Ini, Gelar Deklarasi Resmi Anies Capres?",PKS akan menggelar rapat kerja nasional (rakernas) di Jakarta akhir pekan ini. Mantan Gubernur DKI Jakarta Anies Baswedan dijadwalkan hadir.
12,PDIP Ungkap 3 Kriteria Pengganti Ganjar di Pilgub Jateng 2024,"Ketua DPD PDI Perjuangan (PDIP) Jawa Tengah, Bambang Wuryanto atau Bambang Pacul, membeberkan tiga kriteria untuk calon gubernur (Cagub) Jateng 2024."
13,"Mahfud Md Gelar Pertemuan dengan Sejumlah Eks Menteri, Ada Apa?",Mahfud Md menekankan negara tunduk kepada konstitusi. Sehingga dia memandang pemerintah semestinya tak perlu menanggapi isu penundaan pemilu.
14,"PDIP Beberkan 3 Kriteria Pengganti Ganjar di Pilgub Jateng 2024, Apa Saja?",Ketua PDIP Jateng Bambang Pacul membeberkan tiga kriteria untuk Calon Gubernur (Cagub) Jateng pada Pilgub 2024. Apa saja?
15,Cak Imin soal Capres-cawapres 2024: Semua Stuck Nunggu Kartu Lawan,Ketua Umum PKB Cak Imin bicara soal perkembangan capres-cawapres 2024. Cak Imin mengatakan semua parpol saat ini saling mengintai.
16,Cak Imin Belum Terpikir Sama Sekali Berpasangan dengan Anies di 2024,Waketum PKB Jazilul berharap Cak Imin jadi capres dan berpasangan dengan Prabowo atau Anies sebagai wakilnya. Cak Imin belum terpikir berpasangan dengan Anies.
17,PPP Heran Waketum PKB Banding-bandingkan Kursi Partai Ijo di DPR,PPP mengaku heran dengan sikap Waketum PKB Jazilul Fawaid yang dianggap membanding-bandingkan pencapaian kursi partai ijo di DPR RI.
18,"Cak Imin: Kalau Putusan MK Pemilu Tertutup, Negeri Ini Sedang Dangerous",Cak Imin memendam kekhawatiran jika sistem pemilu proporsional tertutup atau mencoblos gambar partai politik terwujud.
19,"Pantarlih Mulai Lakukan Coklit Daftar Pemilih Pemilu 2024, Begini Prosesnya",Pantarlih mulai melakukan proses pencocokan dan penelitian (coklit) daftar pemilih untuk Pemilu 2024. Seperti apa proses coklit?
20,Waketum PKB: Jangan Sampai PKB Kayak Partai Ijo Lain Cuma 19 Kursi,Jazilul mengungkit partai lain yang berwarna hijau yang hanya memiliki 19 kursi DPR. Jazilul bersyukur PKB bisa mendapatkan posisi strategis di DPR RI.
21,"Besok, Surya Paloh Makan Siang Bareng AHY di DPP Demokrat",Ketua Umum DPP Partai Demokrat Agus Harimurti Yudhoyono atau AHY dan Ketua Umum Partai NasDem Surya Paloh dijadwalkan bertemu di Ruang Biru DPP Demokrat.
22,"Menpora Amali Mundur Informal, Jokowi Reshuffle Mini atau Besar-besaran?",Presiden Jokowi akan menentukan sosok menpora baru setelah Zainudin Amali mundur informal. Jokowi akan melakukan reshuffle mini atau besar-besaran?
23,"Survei Litbang Kompas: NasDem Melesat, Demokrat-PKS Merosot","Litbang Kompas merilis hasil survei elektabilitas partai politik menjelang Pemilu 2024. Hasilnya, di papan tengah ada pergerakan signifikan dari NasDem."
24,"Gaet 4 Gus, Begini Peluang PAN Rebut Ceruk Suara NU di Pemilu 2024",4 Gus dari kalangan Nahdliyin resmi bergabung dengan PAN Jatim. Seberapa besar peluang PAN meraih ceruk suara NU di Pemilu 2024?
25,PAN Jatim Blak-blakan Alasan Gaet 4 Gus dari NU,4 Gus berlatar belakang NU bergabung dengan PAN. PAN blak-blakan alasan menggaet keempat putra kiai itu untuk mengincar ceruk suara NU.
26,KPU: Disabilitas hingga Ibu Hamil Tak Akan Antre saat Pencoblosan di 2024,KPU menyampaikan pentingnya memfasilitasi pemilih disabilitas dalam Pemilu 2024. KPU akan memberikan pelayanan khusus bagi para penyandang disabilitas.
27,Prananda Paloh Optimis NasDem Raih 100 Kursi DPR di Pemilu 2024,Ketua Bapilu Partai NasDem Prananda Surya Paloh optimis target mereka meraih 100 kursi di Pemilu 2024 dapat terealisasi.
28,Ketum Muhammadiyah Haedar Nashir Minta Parpol Tak Hanya Kejar Kepuasan,"Ketum PP Muhammadiyah, Haedar Nashir, mengimbau partai politik memperbarui niat atau political will mereka jelang pemilu 2024, agar tak cuma kejar kemenangan."
29,Bawaslu Beberkan Kerawanan Pemilu 2024: Netralitas-Polarisasi Masyarakat,Ketua Bawaslu Rahmad Bagja membeberkan sejumlah kerawanan yang mungkin terjadi di Pemilu 2024. Dia mengaku sudah menyiapkan strategi untuk mengatasi itu.
30,Badung Petakan 1.481 TPS di Pemilu 2024,Jumlah TPS di enam daerah pemilihan (dapil) di Badung pada Pemilu 2024 sebanyak 1.481 TPS.
31,Diskusi Pengawasan Dana Kampanye Pemilu 2024 di Bawaslu,"Diskusi membahas dana kampanye Pemilu 2024 digelar di Bawaslu, Jakarta. Diskusi dihadiri Bachtiar Baetal, Alwan Ola Riantoby, Ray Rangkuti, dan Aji Pangestu."
32,"Ray Rangkuti Sorot Aturan Dana Kampanye, Ungkit Perjanjian Utang Rp 50 M",Pendiri Lima Ray Rangkuti mengatakan saat ini belum ada regulasi soal dana kampanye. Dia lantas menyinggung perjanjian utang Rp 50 miliar.
33,"Gibran Semobil dengan MenPAN-RB Azwar Anas, Bahas Pilgub DKI?",Wali Kota Solo Gibran Rakabuming semobil dengan MenPAN-RB Abdullah Azwar Anas usai menghadiri peresmian 7 Mal Pelayanan Publik di Sragen. Bahas apa di mobil?
34,Bawaslu Sebut Aturan Kampanye di Medsos Lemah: Bahkan Hampir Tidak Ada,"Bawaslu RI menyoroti regulasi kampanye di medsos yang dinilai masih lemah. Padahal, menurut Bawaslu konsep kampanye telah mengalami perubahan."
35,Awas! Serangan Siber Akan Terus Naik Jelang Pemilu 2024,Kepala BSSN Hinsa Siburian mengungkapkan serangan siber akan terus mengalami kenaikan seiring dengan banyak yang mengadopsi layanan digital.
36,"NasDem ke Bawaslu: Anies Keliling Tak Langgar Aturan, Jangan Dengki!",NasDem merespons sindiran Ketua Bawaslu RI Rahmat Bagja yang menyebut ada capres kerap keliling. NasDem menyebut safari yang dilakukan Anies tak langgar aturan.
37,"Gabung PAN, Crazy Rich Surabaya Tom Liwafa Berencana Nyaleg DPR RI","Tom Liwafa, crazy rich Surabaya resmi bergabung PAN. Ia juga berencana akan maju jadi caleg DPR RI Dapil I pada Pemilu 2024."
38,Crazy Rich Surabaya Tom Liwafa Beber Alasan Banting Setir Masuk Politik,"Crazy Rich asal Surabaya, Tom Liwafa resmi masuk dan menjadi kader Partai Amanat Nasional (PAN). Lalu apa alasan Tomli masuk dunia politik?"
39,Tata Kelola Pengawasan Pemilu,"Ritme keserentakan pemilu yang dinamis membutuhkan tata kelola pengawasan yang ajek dari segi dasar hukum kepemiluan, adaptif dengan segala perubahan teknis."
40,"Prediksi Serangan Siber Naik Jelang Pemilu, BSSN Siapkan Operasi Keamanan",Badan Siber dan Sandi Negara (BSSN) memprediksi ada peningkatan kerawanan yang terjadi pada ruang siber menjelang Pemilu 2024.
41,"Tangkal Serangan Siber di Pemilu, BSSN: Satgas Sudah Mulai Bekerja","Kepala Badan Siber dan Sandi Negara (BSSN), Hinsa Siburian, memastikan satgas untuk pemilu 2024 sudah mulai bekerja."
42,Bawaslu Awasi Hak Kelompok Disabilitas untuk Memilih Saat Pemilu 2024,Bawaslu akan mengawasi hak kelompok disabilitas saat kontestasi Pemilu 2024 agar hak kelompok disabilitas untuk memilih bisa terpenuhi.
43,The Matchmaker Tahap Kedua Dimulai! Pilih Duet Capres-Cawapres Favoritmu,The Matchmaker hadir menampung aspirasi publik soal siapa figur-figur yang cocok berpasangan di Pilpres 2024. Yuk pilih capres-cawapres favoritmu sekarang juga!
44,"Balas Bawaslu, Elite Demokrat Minta Bacapres Pejabat Aktif Diawasi",Partai Demokrat meminta Bawaslu mengawasi bacapres yang merupakan pejabat aktif.
45,Musim Kongkow Politik,Politik hari-hari ini menjadi tema percakapan yang menarik dalam kongkow.
46,"Sulut Jadi Provinsi Paling Rawan Pemilu 2024, Bawaslu Minta Waspada",Bawaslu mengungkap Sulut termasuk sebagai provinsi paling rawan pelanggaran Pemilu 2024. Indeks kerawanan pemilu Sulut tertinggi kedua setelah DKI Jakarta.
47,PKS Jawab Bawaslu Soal 'Capres Itu' Keliling Terus: Santuy Aja,Ketua DPP PKS Mardani Ali menanggapi santai sindiran Ketua Bawaslu RI Rahmat Bagja yang menyebut 'capres itu' yang kerap keliling sebelum masa kampanye.
48,Walkot Cilegon Pindah ke Gerindra Usai Berkarya Tak Lolos Pemilu 2024,Wali Kota Cilegon Helldy Agustian pindah partai ke Gerindra usai Partai Berkarya tak lolos sebagai peserta Pemilu 2024.
49,Panas PDIP vs Demokrat Usai SBY Beri Catatan Soal Gugatan Sistem Pemilu,Partai Demokrat dan PDIP terlibat debat panas. PDIP memberi pernyataan menohok usai SBY mengomentari gugatan sistem pemilu.
50,KPU Jamin Hak Pilih Para Disabilitas,Komisi Pemilihan Umum (KPU) Denpasar menjamin perlindungan hak pemilih berkebutuhan khusus atau disabilitas dalam Pemilu 2024.
51,"Ada Capres Kena Sentil Bawaslu Karena Safari Politik, Siapa Orangnya?",Ketua Bawaslu RI Rahmat Bagja menyindir sosok calon presiden yang sudah gencar safari politik ke seluruh wilayah Indonesia.
52,PKB ke PDIP soal Koalisi: Sampai Saat Ini Belum Ada Capres-Cawapres Resmi,Sekjen PDIP Hasto menyebut PDIP buka peluang kerja sama koalisi yang belum tetapkan capres. PKB menyebut saat ini belum ada capres resmi yang diusung koalisi.
53,"PPP ke PDIP: KIB Terbuka Nambah Anggota, Duduk Bersama",Sekjen PDIP Hasto menyebut PDIP akan buka peluang kerja sama dengan koalisi yang belum tetapkan capres. PPP mengatakan KIB terbuka untuk menambah anggota.
54,Isu Sandiaga Uno Gabung PPP Belum Sirna,Isu Sandiaga Uno bakal merapat ke PPP belum sirna seiring asa Plt Ketua Umum (Ketum) PPP Mardiono masih ada. Begini respons teranyar Sandiaga.
55,Sambutan Hangat Demokrat Usai Jokowi Sebut AHY Capres-cawapres 2024,Demokrat menyambut sikap Jokowi yang menyebut nama AHY saat bicara daftar capres-cawapres 2024. Demokrat mengatakan pernyataan itu sebagai bentuk pengakuan.
56,"Demokrat Curiga Hasto Ngotot Pemilu Tertutup, Senggol Kasus Harun Masiku",PD menyebut Hasto trauma dengan kasus Harun Masiku.
57,"Sederet Catatan SBY soal Gugatan Sistem Pemilu, Wanti-wanti MK Keliru",Presiden ke-6 SBY memberikan catatan terkait sistem pemilu. SBY bahkan mewanti-wanti Mahkamah Konstitusi agar jangan sampai keliru.
58,Partai Berkarya Akan Tentukan Dukungan Capres Cawapres Pada Pemilu 2024,Partai Berkarya tengah menggodok sejumlah nama capres dan cawapres yang akan didukung pada Pemilu 2024.
59,Kisi-kisi Calon Mitra Koalisi PDIP,"PDIP belum blak-blakan memperlihatkan arah koalisinya di 2024. Kini, Sekjen PDIP Hasto Kristiyanto membeberkan kisi-kisi calon mitra koalisi yang bakal dijajak."
60,"Bawaslu Bicara Sosialisasi Kampanye, Singgung Capres Itu Keliling Terus",Ketua Bawaslu RI Rahmat Bagja menekankan aturan sosialisasi atau kampanye terkait Pilpres. Dia lantas menyinggung adanya capres yang kerap keliling saat ini.
61,Perludem Minta Jual Beli Suara di Pemilu Diantisipasi: Jadi Sumber Korupsi,Perludem mengimbau Bawaslu mengantisipasi adanya jual beli suara di Pemilu 2024. Hal ini dianggap bisa menjadi sumber korupsi politik.
62,"RK, Erick Thohir dan Ganjar Jadi 3 Besar Cawapres Terkuat Survei SPIN","Survei dan Polling Indonesia (SPIN) merilis hasil survei cawapres menjelang Pemilu 2024 dengan tiga besar diisi Ridwan Kamil, Erick Thohir, dan Ganjar Pranowo."
63,"Disebut Jokowi di Daftar Capres-cawapres, Erick Thohir Ungkit PT 20%",Erick Thohir mengatakan sapaan Presiden Jokowi kepada capres-cawapres potensial menandakan sang kepala negara melihat mereka sebagai figur yang baik.
64,"PPATK Ungkap Indikasi Praktik TPPU di Pemilu, Bawaslu Beri Saran Ini",Bawaslu RI memberikan saran kepada PPATK terkait adanya dugaan praktik tindak pidana pencucian uang (TPPU) dalam proses pemilu.
65,Kader Gelora Deklarasi Anis Matta-Fahri Hamzah Capres dan Cawapres 2024,Kader Partai Gelora deklarasikan Anis Matta dan Fahri Hamzah jadi capres dan cawapres di Pemilu 2024. Deklarasi ini dilakukan dalam program konsolidasi nasional
66,Sentilan Menohok PDIP ke Partai Ummat soal Politik Identitas,Sekjen PDIP Hasto Kristiyanto menyebut partai yang mengedepankan politik identitas tak akan dapat tempat di Indonesia.
67,"Survei Capres 2024 SPIN: Prabowo 33%, Ganjar 20,6% dan Anies 20%",Ketua Umum (Ketum) Partai Gerindra Prabowo Subianto keluar menjadi tokoh yang memiliki elektabilitas tertinggi dalam survei capres 2024 versi SPIN.
68,"Riuh Wacana Coblos Partai, Bawaslu Ingatkan Tahapan Pemilu Sudah Dimulai",Ketua Bawaslu Rahmat Bagja mengingatkan jangan sampai ada aturan yang diubah di tengah tahapan pemilu. Dia menilai hal ini menciptakan ketidakpastian hukum.
69,Hasto PDIP Balas SBY: Dia Lupa Demokrat Pernah Ganti Sistem Pemilu di 2008!,Sekjen PDIP Hasto menjawab pernyataan SBY yang mempertanyakan kegentingan mengganti sistem Pemilu. Hasto menyebut SBY lupa pernah mengganti sistem Pemilu 2008.
70,"BEM UI Sebut Wacana Tunda Pemilu 2024 Bikin Resah Publik, KPU Jawab Begini",Ketua BEM UI Melki Sedek menyoroti wacana penundaan pemilu yang dianggap membuat resah di masyarakat. KPU merespons pernyataan Ketua BEM UI tersebut.
71,"Sesuai UU Pemilu, KPU Tegaskan Masih Gunakan Sistem Coblos Gambar Caleg",KPU menegaskan sampai saat ini sistem pemilu masih menggunakan sistem coblos gambar caleg. Hal itu sesuai dengan UU No 7/2017 tentang Pemilu.
72,"Ungkit soal Antitesis, PDIP Beri Analogi Beda Jokowi dan Anies soal Tol","Hasto mengatakan PDIP masih terbuka dialog dengan NasDem soal kepentingan bangsa dan negara. Namun, Hasto menyebut keduanya beda jalan soal capres."
73,"Jokowi Sempat Lupa Sapa AHY Capres di Harlah PPP, PDIP Bilang Begini",Presiden Jokowi sempat lupa menyebut Ketum Demokrat Agus Harimurti Yudhoyono saat menyapa capres dan cawapres 2024 di Harlah ke-50 PPP. PDIP bilang begini.
74,Hasto Ungkap PDIP Akan Kerja Sama dengan Koalisi yang Belum Usung Capres,Sekjen PDIP Hasto Kristiyanto menyebut partainya akan buka peluang kerja sama dengan koalisi yang belum tetapkan capres menuju Pemilu 2024.
75,"Gerindra Gelar Pesta Rakyat di Banten, Minta Dukung Prabowo Presiden 2024","Gerindra menggelar pesta rakyat dalam rangkaian HUT ke-15 di Kota Serang, Banten. Sekjen Gerindra Ahmad Muzani meminta warga mendukung Prabowo di Pilpres 2024."
76,"Habiburokhman soal Isu Sandiaga ke PPP: Bukan Soal Restu, tapi...",Waketum Gerindra Habiburokhman menilai wacana bergabungnya Sandiaga itu bukan lagi sekadar persoalan restu Prabowo Subianto.
77,"Gerindra Deklarasi Pemilu Damai 2024 di Jaktim, Yakin Prabowo Menang","Di acara deklarasi pemilu damai 2024 di kawasan KBT Jaktim, Ketua Harian Gerindra Dasco mengajak para kader mendoakan Prabowo Subianto memenangkan pemilu."
78,Hasto Sematkan Jaket PDIP ke Menteri Teten: Beliau juga Kader,"""Saya persembahkan jaket Bapak Menteri Koperasi buat komitmennya kepada wong cilik yang sesuai dengan ideologi PDI Perjuangan,"" kata Sekjen PDIP Hasto."
79,Ketegasan NU Tolak Politik Identitas Jadi Senjata Politik di Pemilu 2024,Ketua Umum PBNU KH Yahya Cholil Staquf menegaskan menolak politik identitas untuk menggalang dukungan. Simak selengkapnya.
80,Hasto Minta Publik Sabar soal Capres PDIP: Tunggu Momentum Terbaik,"Sekjen PDIP Hasto Kristiyanto bicara soal capres yang akan diusung PDIP di 2024. Hasto meminta publik bersabar, capres akan diumumkan di momentum terbaik."
81,"Usai Anak Haji Lulung, Ketua Bamus Betawi Juga Gabung NasDem",Ketua Bamus Betawi Riano P Ahmad resmi bergabung ke Partai NasDem usai mundur dari PPP.
82,Kala Wagub Uu Keliru Tafsirkan Ucapan RK soal Pilgub 2024,"Wagub Jabar Uu Ruzhanul Ulum mengklaim mendapat restu dari Ridwan Kamil untuk maju di Pilgub 2024. Tapi, Ridwan Kamil membantah restu yang diklaim Uu itu."
83,"Rapatkan Barisan Kader PDIP Jatim, Said Abdullah Siapkan Caleg Petarung",Plt Ketua PDIP Jatim Said Abdullah tancap gas konsolidasi ke seluruh jajaran partai. Konsolidasi dilakukan dalam rangka persiapan setahun jelang Pemilu 2024.
84,"Ditanya Kabar Wiranto Gabung PAN, Zulhas Malah Jelaskan Soal Minyakita",Kabar Mantan Ketua Umum Partai Hanura Wiranto akan bergabung dengan PAN berhembus kencang. Namun Ketum PAN Zulhas enggan menanggapinya.
85,Gus Yahya Tegaskan NU Tolak Politik Identitas,menjelang Pemilu 2024 Ketua Umum PBNU KH Yahya Cholil Staquf menegaskan bahwa NU tidak terlibat politik praktis dan menolak politik identitas.
86,"Di Hadapan Kader PAN, Gus Yahya: Warga NU Tidak Haram Coblos PAN",Ketum PBNU Gus Yahya menghadiri acara peringatan satu abad NU yang digelar PAN. Dalam acara itu Gus Yahya berujar bahwa kader NU tak dilarang coblos PAN.
87,Kala Jokowi Hampir Lupa Nama AHY Saat Sapa Capres-Cawapres di Harlah PPP,"Presiden Jokowi menyebut satu satu nama capres dan cawapres di Pilpres 2024 saat Harlah ke-50 PPP. Namun, Jokowi mengaku hampir lupa Ketum Partai Demokrat AHY."
88,"Konsolidasi Pemilu 2024, Kader PDIP Sumenep Gelar Senam Sicita",Kader dan simpatisan PDI Perjuangan menggelar senam. Kegiatan ini sekaligus untuk konsolidasi Pemilu 2024.
89,Mardiono Ungkap Akan Ada Jenderal Polisi Bintang 3 Gabung PPP,"Ketua Umum PPP Muhamad Mardiono menyebut ada lebih dari 100 tokoh yang bakal gabung ke partainya. Salah satunya, seorang jenderal polisi berbintang tiga."
90,Ketum PPP Ngaku Siap Hadapi Pemilu Proporsional Terbuka atau Tertutup,MK sedang melakukan uji materi UU Nomor 7 tahun 2017 tentang sistem pemilu. Ketum PPP Mardiono mengaku partainya siap dengan sistem pemilu apapun.
91,Sandiaga soal Isu Pindah PPP: Prabowo dan Mardiono Akan Bertemu,Wakil Ketua Dewan Pembina Gerindra Sandiaga Uno buka suara kembali soal isu dirinya pindah ke PPP. Sandiaga menyebut itu ranah pimpinan partai politik.
92,Ketua Bawaslu: Jangan Sampai Indonesia Hanya Dikuasai Segelintir Orang,Ketua Bawaslu RI Rahmat Bagja mengajak anak muda untuk melakukan pengawasan terhadap pelaksanaan pemilu mendatang. Dia juga membahas tekait kekuasaan.
93,KoDE Bali Minta DKPP Hindari Intervensi Jelang Pemilu 2024,Komite Demokrasi (KoDE) Bali meminta Dewan Kehormatan Penyelenggara Pemilu (DKPP) menjaga marwah lembaga dari intervensi pihak tertentu.
94,Politisi PAN Tolak Pemilu Coblos Partai: Terbuka Lebih Elegan,MK sedang melakukan uji materi UU Nomor 7 tahun 2017 tentang Pemilu sistem proporsional terbuka. Politisi PAN menilai sistem proporsional terbuka lebih elegan.
95,Sekjen PAN Tak Sangkal Wiranto Mau Gabung: Tempati Posisi Sangat Terhormat,"Kabar mantan Ketua Umum Partai Hanura, Wiranto, merapat ke PAN menguat. Sekjen PAN Eddy Soeparno tak menyangkal kabar tersebut."
96,"Jokowi Ungkap Ada Capres Dukungannya Tidak Hadir di Harlah PPP, Siapa?",Presiden Jokowi menyebut sejumlah nama yang diketahui sebagai capres dan cawapres di acara Harlah PPP ke-50. Jokowi mengaku tak mau hanya menyebut satu nama.
97,"Namanya Disebut Jokowi di Daftar Capres-Cawapres, Begini Respons AHY",AHY merespons sambutan Presiden Jokowi soal daftar capres dan cawapres dengan mengungkit harapan sang kepala negara tentang Pemilu 2024.
98,"Bendera-Nomor Urut Parpol Boleh Dipasang, Tapi Hanya di Acara Internal","Menurut Hasyim ada perbedaan antara sosialisasi dengan kampanye. Yakni kampanye berwujud ajakan memilih, sementara sosialisasi wujudnya edukasi."
99,"Di Depan Jokowi, PPP Bantah Kesulitan Dapatkan Caleg","Di depan Presiden Jokowi, Plt Ketum PPP Mardiono membantah isu mengenai partainya yang kesulitan mendapatkan caleg."
100,"Jokowi Sapa Bakal Capres-Cawapres di Harlah PPP: Hampir Lupa, Ada Mas AHY",Jokowi menyebut nama-nama bakal calon presiden dan wakil presiden untuk Pilpres 2024 saat memberi sambutan di peringatan Hari Ulang Tahun (Harlah) ke-50 PPP.
101,"Bahas Capres-Cawapres di Harlah PPP, Jokowi Sebut Prabowo hingga Mahfud",Presiden Jokowi menyebutkan nama Menteri Pertahanan Prabowo Subianto hingga Menko Polhukam Mahfud Md sebagai capres dan cawapres yang dia kenal dan tahu.
102,Jokowi: Target 39 Kursi DPR di 2024 Bukan Barang Sulit Bagi PPP,Presiden Jokowi mengatakan target 39 kursi DPR di 2024 bukan hal sulit bagi PPP.
103,Zulhas Respons Kabar Wiranto Gabung PAN,"Wiranto dan PAN memiliki sejarah hubungan harmonis. Pada 2015 lalu, Wiranto pernah menjembatani PAN untuk bergabung dengan koalisi pemerintahan Presiden Jokowi."
104,"Erick hingga Sandi Hadir, Plt Ketum PPP Singgung Cawapres di Depan Jokowi",Plt Ketum PPP Mardiono menyinggung calon wakil presiden untuk Pilpres 2024 sudah menunjukkan sinyal kuat di depan Presiden Jokowi.
105,"Mardiono Sapa Sandiaga Uno, Peserta Harlah Ke-50 PPP Riuh",Plt Ketum PPP Mardiono menyapa Menparekraf Sandiaga Uno. Suasana Harlah ke-50 PPP pun langsung riuh saat nama Sandiaga disebut.
106,"Disebut Restui Uu Maju Cagub Jabar, RK: Saya Bilang 'Saya Doakan'",Gubernur Jabar Ridwan Kamil merespons Wagub Jabar Uu Ruzhanul Ulum yang mengklaim mengantongi restu untuk maju sebagai calon gubernur (cagub) Jabar
107,PKB Sebut Penentuan Capres di Tangan Prabowo-Cak Imin Jika KIB Gabung,Ketua DPP PKB Daniel Johan mengatakan Koalisi Kebangkitan Indonesia Raya (KKIR) terbuka jika Koalisi Indonesia Bersatu (KIB) ingin bergabung.
108,"Berbatik Hijau, Jokowi Hadiri Puncak Peringatan Harlah ke-50 PPP",Presiden Joko Widodo (Jokowi) menghadiri puncak peringatan Hari Lahir ke-50 PPP di ICE BSD City Tangerang.
109,"Masa Kampanye Belum Mulai, KPU Minta Parpol Tahan Diri!","Hasyim menjelaskan peserta pemilu dilarang memasang iklan terkait citra diri, identitas, ciri-ciri khusus atau karakteristik partai politiknya di media massa."
110,Mantan Ketua DPW Perindo NTB Gabung NasDem,Mantan Ketua DPW Partai Perindo NTB Lalu Athari Fathullah resmi bergabung dengan Partai NasDem.
111,Pihak Wiranto Buka Suara soal Kabar Gabung PAN,"Adi Warman mengatakan Wiranto masih akan memberikan kontribusi untuk negara. Perjalanan Wiranto untuk bangsa, kata dia, terus berlanjut."
112,"Harap AHY Jadi Wakilnya Anies, Demokrat Siapkan 2 Strategi untuk 2024","Demokrat juga mengharapkan ketua umum mereka, Agus Harimurti Yudhoyono (AHY) bisa menjadi wakilnya Anies Baswedan."
113,Kian Terang Kabar Wiranto Bergabung ke PAN,PAN bersiap menyambut kader baru. Nama Mantan Ketua Umum Partai Hanura Jenderal TNI (Purn) Wiranto mengemuka ke permukaan isu.
114,Manuver JoMan Pakai Setelan ala Gerindra Usai Dukung Prabowo,Setelan yang dipakai Immanuel dkk saat menyambai kediaman Ketum Gerindra Prabowo Subianto terlihat ala Gerindra.
115,"Masinton Minta Maaf PDIP Tak Bisa Gabung Pro Anies, Demokrat Memaklumi","Masinton PDIP meminta maaf karena tidak bisa bergabung dengan Koalisi Perubahan yang mendukung Anies. Partai Demokrat (PD), yang mendukung Anies, memaklumi."
116,"Masinton Bilang PDIP Tak Bisa Ikut Pro Anies, NasDem: Tak Gabung Juga Bagus",Masinton PDIP meminta maaf karena partainya tidak bisa bergabung dengan Koalisi Perubahan yang mendukung Anies. NasDem mengaku tak masalah.
117,Polda Bali Petakan Tingkat Kerawanan TPS-Siapkan Personel untuk Pemilu,"Polda Bali mulai melakukan pemetaan kerawanan TPS menjelang Pemilu 2024. Pemetaan TPS terdiri dari tiga kategori, yakni aman, rawan satu dan rawan."
118,"Jelang Pemilu, Bawaslu Jabar Soroti TPS di Daerah Rawan Bencana",Bawaslu Jabar meminta penyelenggara Pemilu 2024 untuk memperhatikan tempat khusus pemungutan surat suara di daerah bencana. Di Jabar ada beberapa daerah rawan.
119,"Sebut Kepemimpinan Jokowi Berhasil, Prabowo Berniat Meneruskan","Usai bertemu relawan pendukungnya, Ketum Gerindra Prabowo Subianto berniat meneruskan kepemimpinan Presiden Joko Widodo (Jokowi) yang menurutnya berhasil."
120,"Usai Bertemu JoMan, Prabowo Diyakini Bisa Teruskan Perjuangan Jokowi","Ketum Gerindra Prabowo Subianto telah menerima kedatangan Prabowo Mania 08 di Kertanegara, Jaksel. Prabowo diyakini bisa meneruskan perjuangan Jokowi."
121,"Masinton PDIP Bicara Jumlah Pasangan Capres Ideal, Singgung Duet Mega-Prabowo",Masinton bicara soal jumlah pasangan capres-cawapres ideal pada Pemilu. Dia mengatakan tak ada aturan berapa banyak paslon ideal dalam Pilpres.
122,"Masih Sakit, Suharso Monoarfa Tak Akan Hadir di Harlah PPP Besok","Mantan Ketua Umum PPP, Suharso Monoarfa, tidak akan menghadiri puncak Peringatan Hari Ulang Tahun (Harlah) ke-50 PPP di ICE BSD, Tanggerang, besok."
123,Prabowo soal Isi Pertemuan dengan Jokowi: Itu Namanya 'RHS',"Saat ditanya apa isi pembicaraannya dengan Presiden Joko Widodo (Jokowi), Menhan Prabowo Subianto menekankan hal itu rahasia dan konfidensial."
124,"Prabowo: Kepemimpinan Jokowi Berhasil, Saya Berniat Meneruskan!",Prabowo Subianto mengatakan kepemimpinan Presiden Jokowi berhasil. Prabowo berniat untuk melanjutkannya.
125,Canda Prabowo soal Muka Kudeta di Depan Noel JoMan,Prabowo menyebut dirinya sebelumnya tidak pernah bertemu rombongan Noel. Prabowo kembali melontarkan candaan kepada Noel apakah takut kepada dirinya.
126,"Masinton Minta Maaf PDIP Tak Bisa Sama Pro Anies, Jawaban PKS Bikin Ketawa",Politikus PDIP Masinton meminta maaf hanya bisa dengan Koalisi Kebangkitan Indonesia Raya dan KIB. Politikus PKS Johan menjawab Masinton.
127,"Muncul Ormas Berkarya Usai Partai Berkarya Gagal Ikut Pemilu 2024, Apa Itu?",Ormas Perkumpulan Berkarya Indonesia muncul usai Partai Berkarya gagal menjadi peserta Pemilu 2024. Ormas ini dipimpin Andi Picunang.
128,Berapa Jumlah Partai Peserta Pemilu 2024? Cek Daftar dan Nomor Urutnya,"Jumlah partai peserta Pemilu 2024 telah diperbarui oleh Komisi Pemilihan Umum (KPU). Sebelumnya, ada 17 partai peserta Pemilu 2024. Lalu, berapa jumlahnya kini?"
129,Apa Saja Perlengkapan Pemungutan Suara Pemilu 2024? Cek di Sini,Apa saja perlengkapan pemungutan suara dalam Pemilu 2024? Simak daftar perlengkapan pemungutan suara dan dukungan perlengkapan lainnya dalam Pemilihan Umum.
130,Pengawas TPS Pemilu 2024: Tugas dan Syarat Pendaftaran PTPS,Pengawas TPS Pemilu 2024 atau PTPS Pemilu adalah Pengawas Tempat Pemungutan Suara dalam Pemilu. Simak tugas dan syarat pendaftaran Pengawas TPS Pemilu 2024.
131,"Pakai Setelan Ala Gerindra, Relawan JoMan Temui Prabowo di Kertanegara",Noel dan para pengurus terlihat mengenakan ala Gerindra yakni setelan kemeja putih dan celana cokelat muda. Mereka kemudian langsung masuk ke kediaman Prabowo.
132,"Kodam Udayana Monitor Tahapan Pemilu, Backup Polisi untuk Pengamanan","Kodam IX/Udayana turut melakukan monitor tahapan Pemilu 2024, termasuk di Bali. Kodam Udayana juga siap membantu Polri dalam tugas pengamanan."
133,Elite Hanura Dengar Kabar Wiranto Merapat ke PAN,Wakil Ketua Dewan Penasihat Partai Hanura Inas Nasrullah mendengar kabar Wiranto merapat ke PAN.
134,"Masinton: PDIP Bisa ke KKIR-KIB, Kalau Koalisi Perubahan Mohon Maaf Bang","Menurut Masinton, PDIP bisa dengan Koalisi Kebangkitan Indonesia Raya dan juga dengan Koalisi Indonesia Bersatu, tapi tidak dengan Koalisi Perubahan."
135,Arsul Sani Ungkap Khofifah Juga Diharapkan Kader PPP Jadi Cawapres,Wakil Ketua Umum PPP Arsul Sani mengatakan Gubernur Jawa Timur Khofifah Indar Parawansa sangat populer di kalangan konstituen PPP.
136,"Andika Kangen Band Bakal Nyaleg DPR RI dari Demokrat, Ini Katanya",Andika Kangen Band mengaku siap untuk maju sebagai calon anggota DPR RI pada Pileg 2024. Dia akan maju dari Partai Demokrat di Dapil I Lampung.
137,"Ganjar Mania Bubar-Dukung Prabowo, FX Rudy: Lha Sing Ngakon Bentuk Sopo?",FX Rudy menanggapi santai soal relawan Ganjar Pranowo (GP) Mania yang beralih mendukung Prabowo pada Pilpres 2024. Berikut pernyataannya.
138,PAN Serang Balik Gatot Nurmantyo soal Partai Ummat: Evaluasi Apaan?,Gatot Nurmantyo menyebut Partai Ummat merupakan evaluasi dari PAN. Waketum PAN Viva Yoga heran dengan pernyataan Gatot Nurmantyo.
139,Ketum JoMan Temui Prabowo di Kertanegara Sore Ini,Ketua Umum Jokowi Mania (JoMan) Immanuel Ebenezer atau Noel baru saja mengumumkan dukungannya kepada Prabowo Subianto sebagai capres 2024.
140,Warga dari 5 Kecamatan di Kediri Kompak Dukung Ganjar Maju Pilpres,"Deklarasi dukungan itu dikemas dalam kegiatan pesta rakyat yang diadakan di pinggir Jalan Desa Tiron, Kecamatan Banyakan, Kabupaten Kediri, Jawa Timur."
141,Sindiran Amien Rais ke Prabowo Gara-gara Susah Ketemuan,Ketua Majelis Syuro Partai Ummat Amien Rais curhat selepas rakernas Partai Ummat. Dia bercerita sekaligus menyindir Prabowo Subianto yang kini sulit dihubungi.
142,Ganti Nama Jokowi Mania Usai Dukungan Berpaling dari Ganjar ke Prabowo,Relawan Jokowi Mania (JoMan) kini memberi dukungan kepada Prabowo Subianto di Pemilu 2024. Namanya kini berubah.
143,Waketum PPP: DPR Nggak Pernah Bicara soal Pemilu Ditunda,Wakil Ketua Umum PPP Arsul Sani mengatakan partai-partai di DPR tidak pernah membicarakan soal adanya penundaan Pemilu 2024.
144,"Meski Dukung Anies, Amien Rais Doakan Prabowo yang Ingin Jadi Presiden",Amien Rais resmi mengumumkan mendukung Anies Baswedan maju sebagai capres. Kendati begitu dia mengatakan tetap mendoakan Prabowo Subianto.
145,Gus Muhaimin Prediksi Tak Lama Lagi Bakal Ada Koalisi Baru untuk Pilpres 2024,Muhaimin Iskandar menyampaikan predisik bahwa dalam waktu 3 bulan ke depan sejumlah parpol akan berkomunikasi intensif sehingga muncul koalisi baru.
146,"Tetap 'Budal' Nyapres, Gus Muhaimin Pasrahkan ke Takdir Nanti Dapatnya Apa",Muhaimin Iskandar yakin dirinya mendapatkan perintah dari banyak pihak untuk maju jadi capres 2024. Sisanya dia serahkan kepada takdir.
147,"Terima Mandat Kades se-Jatim, Gus Muhaimin: APBN Rp 5 Miliar Per Desa",Ketua Umum PKB Gus Muhaimin menyatakan kesiapannya mengawal mandat dari para kades se-Jatim. Kesanggupan itu mewujudkan pembangunan dan kemajuan desa.
148,"Partai Ummat Capreskan Anies, NasDem Sebut Politik Identitas Tak Salah",Partai Ummat resmi mendukung Anies sebagai capres 2024. Ketua DPP Partai NasDem Effendy Choirie atau Gus Choi menyebut politik identitas tak ada yang salah.
149,Amien Rais Usul Parpol Kirim Perwakilan untuk Ikut Hitung Suara di KPU,"Ketua Majelis Syura Partai Ummat, Amien Rais ingin partai politik mengirimkan perwakilan untuk ikut menghitung suara di KPU. Hal ini agar pemilu jujur dan adil."
150,Amien Rais Curhat 3 Bulan Hubungi Prabowo Tapi Tak Pernah Diangkat,Ketua Majelis Syuro Partai Ummat Amien Rais mengaku telah menghubungi Ketua Umum Partai Gerindra Prabowo Subianto dalam 3 bulan terakhir tetapi tidak direspons.
151,Partai Ummat Akan Usul Parpol Dilibatkan Penghitungan Suara Pemilu 2024,Amien Rais mengatakan akan mengusulkan kepada KPU agar parpol dilibatkan pada penghitungan suara. Partai Ummat curiga akan ada manipulasi mengenai suara.
152,PKS Kekeh Ingin Pemilu Tetap Coblos Nama Caleg,PKS menegaskan sikap mendukung sistem pemilu proporsional terbuka atau mencoblos nama caleg. PKS menilai sistem tersebut harus dilanjutkan pada Pemilu 2024.
153,Budal Gus! Kepala Daerah Jatim Beri Mandat ke Muhaimin Nyapres di 2024,Muhaimin Iskandar alias Gus Muhaimin menerima mandat dari kepala daerah di Jatim agar maju sebagai calon presiden di 2024. Budal Gus!
154,Ngabalin soal Pemilu 2024: Jangan Lagi Ada Kampret Vs Cebong,Tenaga Ahli Kantor Staf Presiden (KSP) Ali Mochtar Ngabalin meminta agar tak ada lagi pengkotak-kotakan kubu menjelang tahun politik pada 2024 mendatang.
155,"Dulu Minta Prabowo Ditangkap tapi Kini Mendukung, Ini Penjelasan Ketum JoMan",Relawan JoMan memutuskan untuk mendukung Prabowo capres di 2024. Ketum JoMan Noel pun menjelaskan alasannya kini mendukung meski dulu sempat menyerang Prabowo.
156,PKS soal Wacana KIB dan KKIR Bergabung: Janur Kuning Belum Melengkung,Sekretaris Jenderal PKS Aboe Bakar Al Habsyi menanggapi adanya wacana KIB dan KKIR bergabung. Ia menyebut hal ini masih menyisakan waktu yang panjang.
157,"Gatot Tak Berpikir Jadi Capres-Cawapres, Amien Rais: Dia Belum Semangat","Gatot Nurmantyo belum berpikir untuk menjadi capres atau cawapres. Amien Rais dapat memaklumi sikap Gatot, seraya menegaskan dukungan untuk Anies sebgai capres."
158,"Dukung Prabowo Nyapres, JoMan Ganti Nama Jadi Prabowo Mania 08",JoMan menyatakan dukungannya kepada Prabowo maju sebagai capres di 2024. Ketum JoMan Noel memastikan akan mengganti nama jadi Prabowo Mania 08.
159,Amien Rais Curhat 3 Bulan Hubungi Prabowo Tak Pernah Diangkat,Ketua Majelis Syuro Partai Ummat Amien Rais mengaku telah tiga bulan menghubungi Ketua Umum Partai Gerindra Prabowo Subianto namun tidak diangkat.
160,Curhat Amien Rais: Pak Prabowo 3 Bulan Saya Hubungi Tak Pernah Angkat,Ketua Majelis Syuro Partai Ummat Amien Rais membeberkan terkait pesannya yang tidak direspons Ketua Umum Partai Gerindra Prabowo Subianto.
161,"Relawan Jokowi Mania Dukung Prabowo di Pilpres 2024, Namanya Diganti?",Relawan Jokowi Mania (JoMan) akan mendukung Prabowo Subianto di Pilpres 2024. Mereka mempertimbangkan berganti nama. Jadi apa?
162,"Usai Bubarkan Ganjar Mania, JoMan Relawan Jokowi Dukung Prabowo Capres",Relawan Jokowi Mania (JoMan) menyatakan mendukung Prabowo Subianto untuk maju sebagai capres 2024. Sebelumnya JoMan membubarkan Ganjar Pranowo (GP) Mania.
163,JoMan Pertimbangkan Ganti Nama Usai Dukung Prabowo Capres 2024,Relawan JoMan mendukung Ketua Umum Partai Gerindra Prabowo Subianto maju sebagai calon presiden (capres) di Pemilu 2024. Akankah JoMan ganti nama?
164,"Dukung Prabowo Capres, JoMan Yakin Pembangunan Jokowi Akan Diteruskan",Relawan JoMan mendukung Ketum Partai Gerindra Prabowo untuk maju sebagai capees di Pemilu 2024. Ada 8 alasan yang melatarbelakangi itu.
165,"Dubes AS Kunjungi Markas PKS, Disambut Ahmad Syaikhu","Duta Besar Amerika Serikat (AS) untuk Republik Indonesia, Sung Yong Kim, mengunjungi kantor DPP PKS."
166,Partai Ummat Resmi Dukung Anies Sebagai Capres 2024,Partai Ummat resmi mendeklarasikan Anies Baswedan sebagai capres di Pemilu 2024. Dukungan itu diumumkan langsung oleh Amien Rais.
167,Bawaslu Harap Pemerintah Beri Asuransi ke Penyelenggara Pemilu 2024,Bawaslu menyebut masih memiliki banyak tugas yang perlu diselesaikan dalam proses Pemilu 2024. Salah satunya terkait asuransi bagi penyelenggara Pemilu 2024.
168,"Tifatul Sembiring Bercuit 'Kuching Kecil Gebrak Meja', Sindir Andre Rosiade?",Tifatul Sembiring kembali membuat cuitan bernada sindiran. Tifatul bercerita tentang seekor 'kuching kecil' yang menggebrak meja depan para tikus.
169,"Berpaling dari Ganjar, JoMan Kini Dukung Prabowo Capres 2024!",Relawan JoMan menyatakan dukungannya terhadap Ketum Partai Gerindra Prabowo untuk maju sebagai capres di Pemilu 2024.
170,Rocky Gerung: Saya Nonmuslim tapi akan Kampanye untuk Partai Ummat,Rocky Gerung menyatakan akan berkampanye untuk Partai Ummat. Hal itu disampaikannya saat menjadi narasumber pada diskusi panel yang digelar Partai Ummat.
171,PAN Bocorkan Eks Ketum Partai yang Mau Gabung: Purnawirawan di Pemerintahan,Waketum PAN Yandri Susanto membeberkan kisi-kisi mantan ketum partai yang akan gabung ke PAN. Dia menyebut sosok itu purnawirawan di pemerintahan.
172,"Jawab Isu Kaesang Maju Pilkada 2024 Bareng Wihaji, Gibran: Yo Apik","Nama putra bungsu Jokowi, Kaesang Pangarep diisukan berpasangan dengan mantan Bupati Batang Wihaji di Pilkada Batang 2024. Apa kata Gibran?"
173,Demokrat Yakin AHY Penuhi 5 Kriteria Cawapres Anies,"Capres usungan Koalisi Perubahan, Anies Baswedan, menyampaikan bocoran 5 kriteria cawapres di 2024. Demokrat yakin 5 kriteria itu ada pada sosok Ketum AHY."
174,Partai Garuda Tantang Partai Ummat yang Protes Larangan Kampanye di Masjid,Partai Garuda menantang Partai Ummat melanggar UU Pemilu dengan berkampanye di masjid. Tantangan itu sebagai respons atas pernyataan Ketum Partai Ummat Ridho.
175,Kian Kencang Kritik Tolak Pemilu Coblos Gambar Partai Politik,Sistem proporsional tertutup atau coblos partai politik kini masih digodok Mahkamah Konstitusi (MK). Sistem ini kian menimbulkan kritik.
176,"Kirab Setahun Menuju Pemilu, PPP Harap Pemilu 2024 Lebih Berkualitas",Mardiono berharap Pemilu 2024 dapat melahirkan hasil demokrasi yang kelak bisa dinikmati seluruh warga Indonesia.
177,"Bawaslu Gelar Siaga Pengawasan, Pastikan Pemilu 2024 Berjalan Jurdil",Bawaslu menggelar siaga pengawasan satu tahun menuju pemilu 2024. Acara ini dilakukan sebagai penanda semakin dekatnya Pemilu 2024.
178,Gibran Buka-bukaan Sudah Punya Planning Buat Pemilu 2024,Walkot Solo Gibran Rakabuming mengaku sudah punya plannning di Pemilu 2024. Planning apa yang dimaksud?
179,Bupati Buleleng Ancam Tindak PNS yang Berpolitik Praktis: Saya Habisi,Pj Bupati Buleleng I Ketut Lihadnyana mengingatkan PNS untuk netral dan akan menindak mereka yang kedapatan melakukan politik praktis.
180,Ratusan Kades di Jatim Beri Mandat Cak Imin Capres 2024,Ketum PKB Muhaimin Iskandar mendapat mandat dari kades se-Jatim untuk maju capres 2024. Hal itu disampaikan saat Cak Imin bertemu dengan para kades di Blitar.
181,"Gibran Ngaku Sudah Punya Planning buat Pemilu 2024, Apa Itu?",Wali Kota Solo Gibran Rakabuming Raka pun mengaku sudah punya rencana (planning) soal karier politiknya. Apa rencananya itu?
182,"Ditanya soal Jadi Cawapres Anies, Amien Rais: Saya Sudah Tua",Amien Rais ditanya jika partainya diminta menyodorkan nama Cawapres untuk mendampingi Anies Baswedan di 2024. Amien mengatakan dirinya sudah tua.
183,Anies Harap Dengar Masukan Ketum Partai Ummat soal Cawapres,Ketua Umum Partai Ummat Ridho Rahmadi menanyakan apa kriteria Cawapres di Pemilu 2024 untuk Anies Baswedan. Apa jawaban Anies?
184,Pesan Ketua KPU ke Masyarakat saat Pemilu 2024: Jangan Baperan,"Ketua KPU RI, Hasyim Asy'ari meminta masyarakat tidak sentimen atau baperan saat proses Pemilu 2024 berlangsung. Perbedaan politik dinilai hal yang wajar."
185,"PPATK Ungkap Indikasi Praktik TPPU dalam Proses Pemilu, Ini Respons KPU",PPATK menemukan indikasi praktik tindak pidana pencucian uang (TPPU) dalam proses Pemilu. KPU menyebut jika ada indikasi dapat dilaporkan ke penegak hukum.
186,"Usai Kunjungi NasDem Tower, Ketum Joman Umumkan Capres Jagoannya Besok",Ketua Umum Relawan Jokowi Mania (JoMan) Immanuel Ebenezer atau Noel menyebut pihaknya bakal mengumumkan capres usai kunjungi NasDem Tower.
187,Ketua KPU Minta Masyarakat Tak Baperan Saat Pemilu 2024,Ketua KPU Hasyim Asy'ari harap masyarakat tidak baperan dalam proses Pemilu 2024. Hasyim mengingatkan dalam Pemilu status lawan dan kawan terus berubah.
188,PAN Kritik Partai Ummat soal Politik Identitas: Perlu Kejelasan,"Ketum Partai Ummat, Ridho Rahmadi, menyampaikan partainya mengusung politik identitas. PAN tak mempermasalahkan hal tersebut, namun dianggap perlu kejelasan."
189,17 Ribu Napi di DKI Ikut Rekam e-KTP demi Bisa Nyoblos Pemilu 2024,Kementerian Hukum dan HAM DKI menggandeng Pemprov DKI untuk perekaman e-KTP bagi 17 ribu narapidana agar para napi bisa mencoblos saat Pemilu 2024.
190,Respons Anies soal Zulfan Lindan Khawatir Program Jokowi Tak Dilanjutkan,Zulfan Lindan mengaku khawatir bakal capres 2024 Partai Anies Baswedan tak melanjutkan program yang sudah dilakukan di pemerintahan Presiden Jokowi.
191,KPU Gelar Kirab Menuju Satu Tahun Pemilu 2024 di Aceh hingga Papua,Komisi Pemilihan Umum (KPU) menggelar peluncuran kirab Pemilu 2024. Kirab bakal digelar di tujuh wilayah Indonesia dari Aceh hingga Papua.
192,"Prabowo Bertemu Khofifah, Cak Imin: Saya Baru Tahu Ini",Ketua Umum PKB Muhaimin Iskandar menanggapi pertemuan Prabowo dan Khofifah.
193,Jawaban Anies Ditanya Partai Ummat soal Politik Identitas,Ketua Umum Partai Ummat Ridho Rahmadi menanyakan pendapat Anies Baswedan tentang narasi politik identitas. Anies Baswedan menjawab.
194,"Di Rakernas Partai Ummat, Anies Baswedan Singgung Tantangan Perubahan",Anies turut mengucapkan selamat kepada Partai Ummat dan para kadernya yang dianggap memiliki rekam jejak baik karena telah lolos menjadi peserta pemilu.
195,Cak Imin Tak Tahu Manuver Prabowo Temui Khofifah di Surabaya,"Pertemuan antara Ketum Gerindra Prabwo Subianto dan Gubernur Jatim Khofifah Indar Parawansa ternyata tak diketahui oleh PKB. Padahal, Gerindra-PKB berkoalisi."
196,Alasan PSI Tolak Pemilu Coblos Gambar Partai: Oligarki Semakin Menjadi,Wakil Ketua Dewan Pembina Partai Solidaritas Indonesia (PSI) Grace Natalie terus mendukung sistem coblos caleg atau proporsional terbuka di Pemilu 2024.
197,"Jelang Pemilu 2024, Satpol PP DKI Ingatkan Parpol Tertib Pasang Atribut",Satpol PP DKI Jakarta telah menerima permohonan pemasangan atribut partai politik menjelang Pemilu 2024 mendatang.
198,PPATK Ungkap Aliran Dana TPPU Capai Triliunan dalam Proses Pemilu,PPATK mengungkap adanya dugaan praktik tindak pidana pencucian uang (TPPU) dalam proses Pemilu 2024 dengan nilai mencapai triliunan.
199,"Lawan Prabowo, Anies Suksesor Jokowi?","Pernah berkolaborasi dan menuai keuntungan bersama, kini Prabowo dan Anies tak lagi dekat. Keduanya justru berpeluang saling mengalahkan pada Pilpres 2024."
200,"Tiba di Rakernas Partai Ummat, Anies Diteriaki 'Presiden'",Kader yang hadir juga turut menyambut kedatangan Anies. Teriakan 'Anies presiden' bergema dari para kader Partai Ummat.
201,Hanura Bali Minta KPU Gelar Debat Publik Parpol,Hanura meminta KPU Bali menggelar debat publik untuk partai parpol. Menginformasikan generasi muda agar paham tentang visi dan misi parpol.
202,Arsul Sani Jawab Kabar Burung Waketum PD soal Pemilu Jadi Coblos Parpol,Arsul Sani merespons pernyataan Benny K Harman yang membeberkan ada kabar burung bahwa Pemilu 2024 akan diberlakukan sistem pemilu coblos partai.
203,PKB Bantah Demokrat soal Kabar Sistem Pemilu Bakal Jadi Coblos Parpol,Daniel Johan yang membantah kabar tersebut mengatakan PKB sampai saat ini masih pada sikap yang sama yakni mendukung pemilu dengan sistem proporsional terbuka.
204,"Sinyal Prabowo-Khofifah di Pilpres 2024, Pengamat UB: PKB Akan Realistis","Prabowo memberi sinyal akan duet dengan Khofifah di Pilpres 2024. Lalu bagaiamana dengan PKB? Begini analisis pengamat politik UB, Wawan Sobari."
205,"Pelajar dan Generasi Z, Kekuatan Masa Depan","Aliansi Pelajar Surabaya, adalah bagian kecil dari ikhtiar tumbuhnya kesadaran global ini. Bak jamur di musim hujan, semangat untuk tidak mau diam."
206,"Rapat di DPR, Benny Harman Bicara Kabar Burung Pemilu Jadi Coblos Parpol","Dalam rapat bersama PPATK di DPR, Benny Harman membeberkan kabar burung sistem Pemilu 2024 bakal menjadi sistem tertutup atau mencoblos gambar parpol."
207,"Farhat Abbas Mundur dari Ketum Partai Pandai, Mau Maju Jadi Anggota DPD",Farhat Abbas mengundurkan diri dari jabatan Ketua Umum Partai Pandai. Farhat Abbas ingin maju sebagai calon anggota DPD RI Dapil Sulawesi Tengah (Sulteng).
208,Pertemuan Empat Mata Kode 2024? Ini Jawaban Prabowo dan Khofifah,Ketua Umum Gerindra Prabowo Subianto menemui Gubernur Jatim Khofifah Indar Parawansa kemarin malam. Prabowo memberikan pujian kepada Khofifah usai bertemu.
209,Prabowo Akui Banyak Belajar Sejarah NU dari Khofifah,Prabowo Subianto bertemu empat mata dengan Khofifah Indar Parawansa. Salah satu yang dibahas dalam pertemuan itu adalah seputar Nahdlatul Ulama (NU).
210,NasDem Tabanan Bikin Program Khusus Gaet Tokoh Masyarakat Jadi Caleg,Nasdem Tabanan membuat program 'NasDem Tabanan Memanggil' untuk menggaet dan memberi ruang tokoh masyarakat di Pemilu 2024.
211,Pertemuan Kedua Sinyal Prabowo Pinang Khofifah di Pilpres 2024,Prabowo Subianto dan Khofifah Indar Parawansa untuk kedua kalinya bertemu. Pertemuan itu memberi sinyal keduanya duet di Pilpres 2024.
212,Untuk Kedua Kalinya Prabowo Temui Khofifah,"Ketum Partai Gerindra Prabowo Subianto bertemu dengan Gubernur Jatim Khofifah Indar Parawansa di De Soematra, Surabaya."
213,180 Menit Empat Mata Prabowo-Khofifah dan Sinyal Duet di Pilpres 2024,"Prabowo Subianto dan Khofifah Indar Parawansa sudah dua kali bertemu empat mata. Dari pertemuan itu, Prabowo memberi sinyal meminang Khofifah di Pilpres 2024"
214,Pakar Unigal: Pemilu Proporsional Tertutup Bikin Warga Enggan Berpolitik,Dosen Ilmu Politik Fisip Universitas Galuh Ciamis menilai sistem pemilu proporsional tertutup akan membuat orang enggan berpartisipasi politik.
215,Ini Alasan Nasdem Karawang Tolak Pemilu Proporsional Tertutup,"Ketua DPD Nasdem Karawang Dian Fahrudjaman mengungkap, proses pemilu dengan sistem proporsional tertutup, juga sering diistilahkan membeli kucing dalam karung."
216,"Khofifah Malu-malu Ditanya Soal Pilpres, Prabowo: Kalian Arahkan Terus Sih","Prabowo Subianto dan Khofifah Indar Parawansa bertemu di Surabaya. Khofifah malu-malu saat ditanya wartawan soal Pilpres 2024, Prabowo lalu melontarkan candaan."
217,"Beri Kode Duet di Pilpres 2024, Prabowo Sanjung Khofifah Setinggi Langit",Prabowo bertemu dengan Khofifah di Surabaya. Ketua Gerindra itu memberi kode bahwa dirinya cocok duet dengan Khofifah di Pilpres 2024.
218,"Mahfud Md-HNW Bersalawat, Dinginkan Suhu Politik Jelang Pemilu 2024","Dia mengajak untuk mencontoh sikap Gus Dur dalam menghadapi Pemilu, yakni dengan sikap yang baik."
219,"Bertemu Empat Mata di Surabaya, Prabowo Pinang Khofifah untuk Pilpres 2024?",Prabowo Subianto dan Gubernur Jatim Khofifah Indar Parawansa bertemu empat mata di Surabaya. Akan kah Prabowo meminang Khofifah maju Pilpres 2024?
220,Pertemuan Kedua Prabowo-Khofifah di Surabaya: Sinyal Duet Pilpres 2024?,Prabowo Subianto bertemu dengan Khofifah Indar Parawansa di Surabaya. Pertemuan kedua ini seolah memperkuat sinyal keduanya akan berduet di Pilpres 2024.
221,Dede Yusuf Nilai Sistem Proporsional Tertutup Hanya Untungkan Partai Besar,"Dede Yusuf mendorong sistem coblos caleg di Pemilu 2024. Menurut Dede, sistem coblos partai atau proporsional tertutup hanya menguntungkan partai-partai besar."
222,"Tunggu Putusan MK, Kemendagri Ungkap Plus Minus Coblos Partai dan Caleg",MK tengah menyidangkan gugatan UU Pemilu. Kemendagri mengungkap plus dan minus dari sistem pemilu coblos caleg dan sistem pemilu coblos partai.
223,Amien Rais Tak Masalah Jika Pemilu Coblos Parpol: Apapun Kita Berani,"Ketua Majelis Syura Partai Ummat, Amien Rais merespons terkait sistem Pemilu 2024. Amien mengaku tak masalah dengan sistem proporsional tertutup maupun terbuka."
224,KPU Mulai Proses Coklit Daftar Pemilih Jelang Pemilu 2024,"KPU mulai melakukan proses coklit daftar pemilih untuk Pemilu 2024. Komisioner KPU, Betty Epsilon Idroos mengatakan coklit untuk memastikan daftar pemilih."
225,"Buka Rakernas Partai Ummat, Amien Rais Beri Pesan ke Jokowi-DPR","Ketua Majelis Syura Partai Ummat, Amien Rais menyampaikan pesan untuk Presiden Joko Widodo di pembukaan rakernas Partai Ummat."
226,"Sistem Pemilu Coblos Gambar Partai, Fahri Hamzah: Tradisi Otoriter",Fahri Hamzah soroti MK yang memproses uji materiil sistem proporsional terbuka atau sistem coblos nama caleg. Menurutnya proporsional tertutup tradisi otoriter.
227,FX Rudy Bangga Nama Gibran Masuk Bursa Cagub DKI dari PDIP,"Ketua PDIP Kota Solo, FX Rudy mengaku bangga nama Gibran Rakabuming Raka masuk dalam bursa calon gubernur (cagub) di Pilgub DKI Jakarta. Begini kata Rudy."
228,"Gibran Masuk Bursa Pilgub DKI, Sekjen PDIP Hasto: Pileg Dulu",Nama Gibran masuk bursa bakal cagub DKI Jakarta. Sekjen PDIP Hasto Kristiyanto mengatakan saat ini pihaknya bergerak untuk memenangkan pileg lebih dulu.
229,Pesan Amien Rais ke Jokowi dan DPR: Jangan Pernah Tunda Pemilu!,Amien Rais menuturkan masyarakat tidak bodoh dan mungkin masyarakat yang diam bisa saja ini sedang bersiap bergerak jika wacana tersebut direalisasi.
230,Survei Litbang Kompas Capres 2024: Ganjar Ungguli Prabowo dan Anies,Survei Litbang Kompas menunjukkan elektabilitas Ganjar Pranowo unggul dibanding Prabowo Subianto dan Anies Baswedan sebagai kandidat capres pada Pilpres 2024.
231,"Dipayungi AHY, Surya Paloh Tiba di Markas Demokrat Matangkan Koalisi",Paloh langsung disambut oleh AHY. Terlihat AHY memayungi Paloh saat keluar mobil. Keduanya langsung masuk menuju Ruang Biru DPP Partai Demokrat.
232,Survei Litbang Kompas: Ridwan Kamil Dominan di Figur Capres Alternatif,Gubernur Jawa Barat Ridwan Kamil unggul dominan di survei figur capres alternatif.
233,"Survei Litbang Kompas: Ganjar 25,3%, Prabowo 18,1%, Anies 13,1%","Litbang Kompas mengeluarkan hasil survei elektabilitas terbaru untuk calon presiden. Dalam Survei tersebut, Ganjar lebih unggul dibandingkan Prabowo dan Anies."
234,Bawaslu Dorong Ada Penerjemah bagi Disabilitas Setiap Kampanye,Bawaslu mendorong peserta Pemilu 2024 untuk menyediakan penerjemah bagi kelompok disabilitas.
235,Jubir Partai Ummat Bicara Prabowo Sebagai 'Cadangan' Anies,Juru Bicara Partai Ummat Mustofa Nahrawardaya berbicara mengenai dukungan relawan basis umat Islam kepada Anies Baswedan untuk Pilpres 2024.
236,PD dan PKS Tak Iri Meski Elektabilitas NasDem Melesat Berkat Anies,PKS dan Demokrat memahami kenaikan elektoral NasDem di survei Litbang Kompas karena efek ekor jas Anies Baswedan. Meski begitu keduanya tidak merasa iri.
237,"Klaim Brand Anies Dekat PKS, NasDem: Nggak Penting!",PKS mengklaim brand Anies Baswedan dekat dengan partainya saat merespons naiknya elektabilitas Partai NasDem di survei Litbang Kompas
238,"Pileg 2024, PKB Bidik 14 Kursi DPRD Kabupaten Bandung",PKB mulai nge-gas jelang Pemilu 2024. Partai PKB kini tengah membidik 14 kursi di DPRD Kabupaten Bandung pada Pileg 2024 mendatang.
239,Survei Litbang Kompas Capres 2024: Ganjar Ungguli Prabowo dan Anies,Survei Litbang Kompas menunjukkan elektabilitas Ganjar Pranowo unggul dibanding Prabowo Subianto dan Anies Baswedan sebagai kandidat capres pada Pilpres 2024.
240,"Dipayungi AHY, Surya Paloh Tiba di Markas Demokrat Matangkan Koalisi",Paloh langsung disambut oleh AHY. Terlihat AHY memayungi Paloh saat keluar mobil. Keduanya langsung masuk menuju Ruang Biru DPP Partai Demokrat.
241,Survei Litbang Kompas: Ridwan Kamil Dominan di Figur Capres Alternatif,Gubernur Jawa Barat Ridwan Kamil unggul dominan di survei figur capres alternatif.
242,"Survei Litbang Kompas: Ganjar 25,3%, Prabowo 18,1%, Anies 13,1%","Litbang Kompas mengeluarkan hasil survei elektabilitas terbaru untuk calon presiden. Dalam Survei tersebut, Ganjar lebih unggul dibandingkan Prabowo dan Anies."
243,Bawaslu Dorong Ada Penerjemah bagi Disabilitas Setiap Kampanye,Bawaslu mendorong peserta Pemilu 2024 untuk menyediakan penerjemah bagi kelompok disabilitas.
244,Jubir Partai Ummat Bicara Prabowo Sebagai 'Cadangan' Anies,Juru Bicara Partai Ummat Mustofa Nahrawardaya berbicara mengenai dukungan relawan basis umat Islam kepada Anies Baswedan untuk Pilpres 2024.
245,PD dan PKS Tak Iri Meski Elektabilitas NasDem Melesat Berkat Anies,PKS dan Demokrat memahami kenaikan elektoral NasDem di survei Litbang Kompas karena efek ekor jas Anies Baswedan. Meski begitu keduanya tidak merasa iri.
246,"Klaim Brand Anies Dekat PKS, NasDem: Nggak Penting!",PKS mengklaim brand Anies Baswedan dekat dengan partainya saat merespons naiknya elektabilitas Partai NasDem di survei Litbang Kompas
247,"Pileg 2024, PKB Bidik 14 Kursi DPRD Kabupaten Bandung",PKB mulai nge-gas jelang Pemilu 2024. Partai PKB kini tengah membidik 14 kursi di DPRD Kabupaten Bandung pada Pileg 2024 mendatang.
248,Survei Litbang Kompas Capres 2024: Ganjar Ungguli Prabowo dan Anies,Survei Litbang Kompas menunjukkan elektabilitas Ganjar Pranowo unggul dibanding Prabowo Subianto dan Anies Baswedan sebagai kandidat capres pada Pilpres 2024.
249,"Dipayungi AHY, Surya Paloh Tiba di Markas Demokrat Matangkan Koalisi",Paloh langsung disambut oleh AHY. Terlihat AHY memayungi Paloh saat keluar mobil. Keduanya langsung masuk menuju Ruang Biru DPP Partai Demokrat.
250,Survei Litbang Kompas: Ridwan Kamil Dominan di Figur Capres Alternatif,Gubernur Jawa Barat Ridwan Kamil unggul dominan di survei figur capres alternatif.
251,"Survei Litbang Kompas: Ganjar 25,3%, Prabowo 18,1%, Anies 13,1%","Litbang Kompas mengeluarkan hasil survei elektabilitas terbaru untuk calon presiden. Dalam Survei tersebut, Ganjar lebih unggul dibandingkan Prabowo dan Anies."
252,Bawaslu Dorong Ada Penerjemah bagi Disabilitas Setiap Kampanye,Bawaslu mendorong peserta Pemilu 2024 untuk menyediakan penerjemah bagi kelompok disabilitas.
253,Jubir Partai Ummat Bicara Prabowo Sebagai 'Cadangan' Anies,Juru Bicara Partai Ummat Mustofa Nahrawardaya berbicara mengenai dukungan relawan basis umat Islam kepada Anies Baswedan untuk Pilpres 2024.
254,PD dan PKS Tak Iri Meski Elektabilitas NasDem Melesat Berkat Anies,PKS dan Demokrat memahami kenaikan elektoral NasDem di survei Litbang Kompas karena efek ekor jas Anies Baswedan. Meski begitu keduanya tidak merasa iri.
255,"Klaim Brand Anies Dekat PKS, NasDem: Nggak Penting!",PKS mengklaim brand Anies Baswedan dekat dengan partainya saat merespons naiknya elektabilitas Partai NasDem di survei Litbang Kompas
256,"Pileg 2024, PKB Bidik 14 Kursi DPRD Kabupaten Bandung",PKB mulai nge-gas jelang Pemilu 2024. Partai PKB kini tengah membidik 14 kursi di DPRD Kabupaten Bandung pada Pileg 2024 mendatang.
257,Survei Litbang Kompas Capres 2024: Ganjar Ungguli Prabowo dan Anies,Survei Litbang Kompas menunjukkan elektabilitas Ganjar Pranowo unggul dibanding Prabowo Subianto dan Anies Baswedan sebagai kandidat capres pada Pilpres 2024.
258,"Dipayungi AHY, Surya Paloh Tiba di Markas Demokrat Matangkan Koalisi",Paloh langsung disambut oleh AHY. Terlihat AHY memayungi Paloh saat keluar mobil. Keduanya langsung masuk menuju Ruang Biru DPP Partai Demokrat.
259,Survei Litbang Kompas: Ridwan Kamil Dominan di Figur Capres Alternatif,Gubernur Jawa Barat Ridwan Kamil unggul dominan di survei figur capres alternatif.
260,"Survei Litbang Kompas: Ganjar 25,3%, Prabowo 18,1%, Anies 13,1%","Litbang Kompas mengeluarkan hasil survei elektabilitas terbaru untuk calon presiden. Dalam Survei tersebut, Ganjar lebih unggul dibandingkan Prabowo dan Anies."
261,Bawaslu Dorong Ada Penerjemah bagi Disabilitas Setiap Kampanye,Bawaslu mendorong peserta Pemilu 2024 untuk menyediakan penerjemah bagi kelompok disabilitas.
262,Jubir Partai Ummat Bicara Prabowo Sebagai 'Cadangan' Anies,Juru Bicara Partai Ummat Mustofa Nahrawardaya berbicara mengenai dukungan relawan basis umat Islam kepada Anies Baswedan untuk Pilpres 2024.
263,PD dan PKS Tak Iri Meski Elektabilitas NasDem Melesat Berkat Anies,PKS dan Demokrat memahami kenaikan elektoral NasDem di survei Litbang Kompas karena efek ekor jas Anies Baswedan. Meski begitu keduanya tidak merasa iri.
264,"Klaim Brand Anies Dekat PKS, NasDem: Nggak Penting!",PKS mengklaim brand Anies Baswedan dekat dengan partainya saat merespons naiknya elektabilitas Partai NasDem di survei Litbang Kompas
265,"Pileg 2024, PKB Bidik 14 Kursi DPRD Kabupaten Bandung",PKB mulai nge-gas jelang Pemilu 2024. Partai PKB kini tengah membidik 14 kursi di DPRD Kabupaten Bandung pada Pileg 2024 mendatang.
266,"Cegah Pencurian Data Pemilih, Bawaslu dan BSSN Bentuk Tim Keamanan Siber",Bawaslu RI dan BSSN membentuk tim keamanan siber bernama CSIRT. Tim ini dibuat untuk mencegah pencurian data pemilih.
267,Survei Litbang Kompas Capres 2024: Ganjar Ungguli Prabowo dan Anies,Survei Litbang Kompas menunjukkan elektabilitas Ganjar Pranowo unggul dibanding Prabowo Subianto dan Anies Baswedan sebagai kandidat capres pada Pilpres 2024.
268,"Dipayungi AHY, Surya Paloh Tiba di Markas Demokrat Matangkan Koalisi",Paloh langsung disambut oleh AHY. Terlihat AHY memayungi Paloh saat keluar mobil. Keduanya langsung masuk menuju Ruang Biru DPP Partai Demokrat.
269,Survei Litbang Kompas: Ridwan Kamil Dominan di Figur Capres Alternatif,Gubernur Jawa Barat Ridwan Kamil unggul dominan di survei figur capres alternatif.
270,"Survei Litbang Kompas: Ganjar 25,3%, Prabowo 18,1%, Anies 13,1%","Litbang Kompas mengeluarkan hasil survei elektabilitas terbaru untuk calon presiden. Dalam Survei tersebut, Ganjar lebih unggul dibandingkan Prabowo dan Anies."
271,Bawaslu Dorong Ada Penerjemah bagi Disabilitas Setiap Kampanye,Bawaslu mendorong peserta Pemilu 2024 untuk menyediakan penerjemah bagi kelompok disabilitas.
272,Jubir Partai Ummat Bicara Prabowo Sebagai 'Cadangan' Anies,Juru Bicara Partai Ummat Mustofa Nahrawardaya berbicara mengenai dukungan relawan basis umat Islam kepada Anies Baswedan untuk Pilpres 2024.
273,PD dan PKS Tak Iri Meski Elektabilitas NasDem Melesat Berkat Anies,PKS dan Demokrat memahami kenaikan elektoral NasDem di survei Litbang Kompas karena efek ekor jas Anies Baswedan. Meski begitu keduanya tidak merasa iri.
274,"Klaim Brand Anies Dekat PKS, NasDem: Nggak Penting!",PKS mengklaim brand Anies Baswedan dekat dengan partainya saat merespons naiknya elektabilitas Partai NasDem di survei Litbang Kompas
275,"Cegah Pencurian Data Pemilih, Bawaslu dan BSSN Bentuk Tim Keamanan Siber",Bawaslu RI dan BSSN membentuk tim keamanan siber bernama CSIRT. Tim ini dibuat untuk mencegah pencurian data pemilih.
276,Survei Litbang Kompas Capres 2024: Ganjar Ungguli Prabowo dan Anies,Survei Litbang Kompas menunjukkan elektabilitas Ganjar Pranowo unggul dibanding Prabowo Subianto dan Anies Baswedan sebagai kandidat capres pada Pilpres 2024.
277,"Dipayungi AHY, Surya Paloh Tiba di Markas Demokrat Matangkan Koalisi",Paloh langsung disambut oleh AHY. Terlihat AHY memayungi Paloh saat keluar mobil. Keduanya langsung masuk menuju Ruang Biru DPP Partai Demokrat.
278,Survei Litbang Kompas: Ridwan Kamil Dominan di Figur Capres Alternatif,Gubernur Jawa Barat Ridwan Kamil unggul dominan di survei figur capres alternatif.
279,"Survei Litbang Kompas: Ganjar 25,3%, Prabowo 18,1%, Anies 13,1%","Litbang Kompas mengeluarkan hasil survei elektabilitas terbaru untuk calon presiden. Dalam Survei tersebut, Ganjar lebih unggul dibandingkan Prabowo dan Anies."
280,Bawaslu Dorong Ada Penerjemah bagi Disabilitas Setiap Kampanye,Bawaslu mendorong peserta Pemilu 2024 untuk menyediakan penerjemah bagi kelompok disabilitas.
281,Jubir Partai Ummat Bicara Prabowo Sebagai 'Cadangan' Anies,Juru Bicara Partai Ummat Mustofa Nahrawardaya berbicara mengenai dukungan relawan basis umat Islam kepada Anies Baswedan untuk Pilpres 2024.
282,PD dan PKS Tak Iri Meski Elektabilitas NasDem Melesat Berkat Anies,PKS dan Demokrat memahami kenaikan elektoral NasDem di survei Litbang Kompas karena efek ekor jas Anies Baswedan. Meski begitu keduanya tidak merasa iri.
283,"Klaim Brand Anies Dekat PKS, NasDem: Nggak Penting!",PKS mengklaim brand Anies Baswedan dekat dengan partainya saat merespons naiknya elektabilitas Partai NasDem di survei Litbang Kompas
284,"Cegah Pencurian Data Pemilih, Bawaslu dan BSSN Bentuk Tim Keamanan Siber",Bawaslu RI dan BSSN membentuk tim keamanan siber bernama CSIRT. Tim ini dibuat untuk mencegah pencurian data pemilih.
285,Survei Litbang Kompas Capres 2024: Ganjar Ungguli Prabowo dan Anies,Survei Litbang Kompas menunjukkan elektabilitas Ganjar Pranowo unggul dibanding Prabowo Subianto dan Anies Baswedan sebagai kandidat capres pada Pilpres 2024.
286,"Dipayungi AHY, Surya Paloh Tiba di Markas Demokrat Matangkan Koalisi",Paloh langsung disambut oleh AHY. Terlihat AHY memayungi Paloh saat keluar mobil. Keduanya langsung masuk menuju Ruang Biru DPP Partai Demokrat.
287,Survei Litbang Kompas: Ridwan Kamil Dominan di Figur Capres Alternatif,Gubernur Jawa Barat Ridwan Kamil unggul dominan di survei figur capres alternatif.
288,"Survei Litbang Kompas: Ganjar 25,3%, Prabowo 18,1%, Anies 13,1%","Litbang Kompas mengeluarkan hasil survei elektabilitas terbaru untuk calon presiden. Dalam Survei tersebut, Ganjar lebih unggul dibandingkan Prabowo dan Anies."
289,Bawaslu Dorong Ada Penerjemah bagi Disabilitas Setiap Kampanye,Bawaslu mendorong peserta Pemilu 2024 untuk menyediakan penerjemah bagi kelompok disabilitas.
290,Jubir Partai Ummat Bicara Prabowo Sebagai 'Cadangan' Anies,Juru Bicara Partai Ummat Mustofa Nahrawardaya berbicara mengenai dukungan relawan basis umat Islam kepada Anies Baswedan untuk Pilpres 2024.
291,PD dan PKS Tak Iri Meski Elektabilitas NasDem Melesat Berkat Anies,PKS dan Demokrat memahami kenaikan elektoral NasDem di survei Litbang Kompas karena efek ekor jas Anies Baswedan. Meski begitu keduanya tidak merasa iri.
292,"Klaim Brand Anies Dekat PKS, NasDem: Nggak Penting!",PKS mengklaim brand Anies Baswedan dekat dengan partainya saat merespons naiknya elektabilitas Partai NasDem di survei Litbang Kompas
293,"Cegah Pencurian Data Pemilih, Bawaslu dan BSSN Bentuk Tim Keamanan Siber",Bawaslu RI dan BSSN membentuk tim keamanan siber bernama CSIRT. Tim ini dibuat untuk mencegah pencurian data pemilih.
294,Survei Litbang Kompas Capres 2024: Ganjar Ungguli Prabowo dan Anies,Survei Litbang Kompas menunjukkan elektabilitas Ganjar Pranowo unggul dibanding Prabowo Subianto dan Anies Baswedan sebagai kandidat capres pada Pilpres 2024.
295,"Dipayungi AHY, Surya Paloh Tiba di Markas Demokrat Matangkan Koalisi",Paloh langsung disambut oleh AHY. Terlihat AHY memayungi Paloh saat keluar mobil. Keduanya langsung masuk menuju Ruang Biru DPP Partai Demokrat.
296,Survei Litbang Kompas: Ridwan Kamil Dominan di Figur Capres Alternatif,Gubernur Jawa Barat Ridwan Kamil unggul dominan di survei figur capres alternatif.
297,"Survei Litbang Kompas: Ganjar 25,3%, Prabowo 18,1%, Anies 13,1%","Litbang Kompas mengeluarkan hasil survei elektabilitas terbaru untuk calon presiden. Dalam Survei tersebut, Ganjar lebih unggul dibandingkan Prabowo dan Anies."
298,Bawaslu Dorong Ada Penerjemah bagi Disabilitas Setiap Kampanye,Bawaslu mendorong peserta Pemilu 2024 untuk menyediakan penerjemah bagi kelompok disabilitas.
299,Jubir Partai Ummat Bicara Prabowo Sebagai 'Cadangan' Anies,Juru Bicara Partai Ummat Mustofa Nahrawardaya berbicara mengenai dukungan relawan basis umat Islam kepada Anies Baswedan untuk Pilpres 2024.
300,PD dan PKS Tak Iri Meski Elektabilitas NasDem Melesat Berkat Anies,PKS dan Demokrat memahami kenaikan elektoral NasDem di survei Litbang Kompas karena efek ekor jas Anies Baswedan. Meski begitu keduanya tidak merasa iri.
301,"Klaim Brand Anies Dekat PKS, NasDem: Nggak Penting!",PKS mengklaim brand Anies Baswedan dekat dengan partainya saat merespons naiknya elektabilitas Partai NasDem di survei Litbang Kompas
302,"Cegah Pencurian Data Pemilih, Bawaslu dan BSSN Bentuk Tim Keamanan Siber",Bawaslu RI dan BSSN membentuk tim keamanan siber bernama CSIRT. Tim ini dibuat untuk mencegah pencurian data pemilih.
303,Survei Litbang Kompas Capres 2024: Ganjar Ungguli Prabowo dan Anies,Survei Litbang Kompas menunjukkan elektabilitas Ganjar Pranowo unggul dibanding Prabowo Subianto dan Anies Baswedan sebagai kandidat capres pada Pilpres 2024.
304,"Dipayungi AHY, Surya Paloh Tiba di Markas Demokrat Matangkan Koalisi",Paloh langsung disambut oleh AHY. Terlihat AHY memayungi Paloh saat keluar mobil. Keduanya langsung masuk menuju Ruang Biru DPP Partai Demokrat.
305,Survei Litbang Kompas: Ridwan Kamil Dominan di Figur Capres Alternatif,Gubernur Jawa Barat Ridwan Kamil unggul dominan di survei figur capres alternatif.
306,"Survei Litbang Kompas: Ganjar 25,3%, Prabowo 18,1%, Anies 13,1%","Litbang Kompas mengeluarkan hasil survei elektabilitas terbaru untuk calon presiden. Dalam Survei tersebut, Ganjar lebih unggul dibandingkan Prabowo dan Anies."
307,Bawaslu Dorong Ada Penerjemah bagi Disabilitas Setiap Kampanye,Bawaslu mendorong peserta Pemilu 2024 untuk menyediakan penerjemah bagi kelompok disabilitas.
308,Jubir Partai Ummat Bicara Prabowo Sebagai 'Cadangan' Anies,Juru Bicara Partai Ummat Mustofa Nahrawardaya berbicara mengenai dukungan relawan basis umat Islam kepada Anies Baswedan untuk Pilpres 2024.
309,PD dan PKS Tak Iri Meski Elektabilitas NasDem Melesat Berkat Anies,PKS dan Demokrat memahami kenaikan elektoral NasDem di survei Litbang Kompas karena efek ekor jas Anies Baswedan. Meski begitu keduanya tidak merasa iri.
310,"Klaim Brand Anies Dekat PKS, NasDem: Nggak Penting!",PKS mengklaim brand Anies Baswedan dekat dengan partainya saat merespons naiknya elektabilitas Partai NasDem di survei Litbang Kompas
311,"Cegah Pencurian Data Pemilih, Bawaslu dan BSSN Bentuk Tim Keamanan Siber",Bawaslu RI dan BSSN membentuk tim keamanan siber bernama CSIRT. Tim ini dibuat untuk mencegah pencurian data pemilih.
312,Survei Litbang Kompas Capres 2024: Ganjar Ungguli Prabowo dan Anies,Survei Litbang Kompas menunjukkan elektabilitas Ganjar Pranowo unggul dibanding Prabowo Subianto dan Anies Baswedan sebagai kandidat capres pada Pilpres 2024.
313,"Dipayungi AHY, Surya Paloh Tiba di Markas Demokrat Matangkan Koalisi",Paloh langsung disambut oleh AHY. Terlihat AHY memayungi Paloh saat keluar mobil. Keduanya langsung masuk menuju Ruang Biru DPP Partai Demokrat.
314,Survei Litbang Kompas: Ridwan Kamil Dominan di Figur Capres Alternatif,Gubernur Jawa Barat Ridwan Kamil unggul dominan di survei figur capres alternatif.
315,"Survei Litbang Kompas: Ganjar 25,3%, Prabowo 18,1%, Anies 13,1%","Litbang Kompas mengeluarkan hasil survei elektabilitas terbaru untuk calon presiden. Dalam Survei tersebut, Ganjar lebih unggul dibandingkan Prabowo dan Anies."
316,Bawaslu Dorong Ada Penerjemah bagi Disabilitas Setiap Kampanye,Bawaslu mendorong peserta Pemilu 2024 untuk menyediakan penerjemah bagi kelompok disabilitas.
317,Jubir Partai Ummat Bicara Prabowo Sebagai 'Cadangan' Anies,Juru Bicara Partai Ummat Mustofa Nahrawardaya berbicara mengenai dukungan relawan basis umat Islam kepada Anies Baswedan untuk Pilpres 2024.
318,PD dan PKS Tak Iri Meski Elektabilitas NasDem Melesat Berkat Anies,PKS dan Demokrat memahami kenaikan elektoral NasDem di survei Litbang Kompas karena efek ekor jas Anies Baswedan. Meski begitu keduanya tidak merasa iri.
319,"Klaim Brand Anies Dekat PKS, NasDem: Nggak Penting!",PKS mengklaim brand Anies Baswedan dekat dengan partainya saat merespons naiknya elektabilitas Partai NasDem di survei Litbang Kompas
320,"Cegah Pencurian Data Pemilih, Bawaslu dan BSSN Bentuk Tim Keamanan Siber",Bawaslu RI dan BSSN membentuk tim keamanan siber bernama CSIRT. Tim ini dibuat untuk mencegah pencurian data pemilih.
321,Survei Litbang Kompas Capres 2024: Ganjar Ungguli Prabowo dan Anies,Survei Litbang Kompas menunjukkan elektabilitas Ganjar Pranowo unggul dibanding Prabowo Subianto dan Anies Baswedan sebagai kandidat capres pada Pilpres 2024.
322,"Dipayungi AHY, Surya Paloh Tiba di Markas Demokrat Matangkan Koalisi",Paloh langsung disambut oleh AHY. Terlihat AHY memayungi Paloh saat keluar mobil. Keduanya langsung masuk menuju Ruang Biru DPP Partai Demokrat.
323,Survei Litbang Kompas: Ridwan Kamil Dominan di Figur Capres Alternatif,Gubernur Jawa Barat Ridwan Kamil unggul dominan di survei figur capres alternatif.
324,"Survei Litbang Kompas: Ganjar 25,3%, Prabowo 18,1%, Anies 13,1%","Litbang Kompas mengeluarkan hasil survei elektabilitas terbaru untuk calon presiden. Dalam Survei tersebut, Ganjar lebih unggul dibandingkan Prabowo dan Anies."
325,Bawaslu Dorong Ada Penerjemah bagi Disabilitas Setiap Kampanye,Bawaslu mendorong peserta Pemilu 2024 untuk menyediakan penerjemah bagi kelompok disabilitas.
326,Jubir Partai Ummat Bicara Prabowo Sebagai 'Cadangan' Anies,Juru Bicara Partai Ummat Mustofa Nahrawardaya berbicara mengenai dukungan relawan basis umat Islam kepada Anies Baswedan untuk Pilpres 2024.
327,PD dan PKS Tak Iri Meski Elektabilitas NasDem Melesat Berkat Anies,PKS dan Demokrat memahami kenaikan elektoral NasDem di survei Litbang Kompas karena efek ekor jas Anies Baswedan. Meski begitu keduanya tidak merasa iri.
328,"Klaim Brand Anies Dekat PKS, NasDem: Nggak Penting!",PKS mengklaim brand Anies Baswedan dekat dengan partainya saat merespons naiknya elektabilitas Partai NasDem di survei Litbang Kompas
329,"Cegah Pencurian Data Pemilih, Bawaslu dan BSSN Bentuk Tim Keamanan Siber",Bawaslu RI dan BSSN membentuk tim keamanan siber bernama CSIRT. Tim ini dibuat untuk mencegah pencurian data pemilih.
330,Survei Litbang Kompas Capres 2024: Ganjar Ungguli Prabowo dan Anies,Survei Litbang Kompas menunjukkan elektabilitas Ganjar Pranowo unggul dibanding Prabowo Subianto dan Anies Baswedan sebagai kandidat capres pada Pilpres 2024.
331,"Dipayungi AHY, Surya Paloh Tiba di Markas Demokrat Matangkan Koalisi",Paloh langsung disambut oleh AHY. Terlihat AHY memayungi Paloh saat keluar mobil. Keduanya langsung masuk menuju Ruang Biru DPP Partai Demokrat.
332,Survei Litbang Kompas: Ridwan Kamil Dominan di Figur Capres Alternatif,Gubernur Jawa Barat Ridwan Kamil unggul dominan di survei figur capres alternatif.
333,"Survei Litbang Kompas: Ganjar 25,3%, Prabowo 18,1%, Anies 13,1%","Litbang Kompas mengeluarkan hasil survei elektabilitas terbaru untuk calon presiden. Dalam Survei tersebut, Ganjar lebih unggul dibandingkan Prabowo dan Anies."
334,Bawaslu Dorong Ada Penerjemah bagi Disabilitas Setiap Kampanye,Bawaslu mendorong peserta Pemilu 2024 untuk menyediakan penerjemah bagi kelompok disabilitas.
335,Jubir Partai Ummat Bicara Prabowo Sebagai 'Cadangan' Anies,Juru Bicara Partai Ummat Mustofa Nahrawardaya berbicara mengenai dukungan relawan basis umat Islam kepada Anies Baswedan untuk Pilpres 2024.
336,PD dan PKS Tak Iri Meski Elektabilitas NasDem Melesat Berkat Anies,PKS dan Demokrat memahami kenaikan elektoral NasDem di survei Litbang Kompas karena efek ekor jas Anies Baswedan. Meski begitu keduanya tidak merasa iri.
337,"Klaim Brand Anies Dekat PKS, NasDem: Nggak Penting!",PKS mengklaim brand Anies Baswedan dekat dengan partainya saat merespons naiknya elektabilitas Partai NasDem di survei Litbang Kompas
338,"Cegah Pencurian Data Pemilih, Bawaslu dan BSSN Bentuk Tim Keamanan Siber",Bawaslu RI dan BSSN membentuk tim keamanan siber bernama CSIRT. Tim ini dibuat untuk mencegah pencurian data pemilih.
339,Survei Litbang Kompas Capres 2024: Ganjar Ungguli Prabowo dan Anies,Survei Litbang Kompas menunjukkan elektabilitas Ganjar Pranowo unggul dibanding Prabowo Subianto dan Anies Baswedan sebagai kandidat capres pada Pilpres 2024.
340,"Dipayungi AHY, Surya Paloh Tiba di Markas Demokrat Matangkan Koalisi",Paloh langsung disambut oleh AHY. Terlihat AHY memayungi Paloh saat keluar mobil. Keduanya langsung masuk menuju Ruang Biru DPP Partai Demokrat.
341,Survei Litbang Kompas: Ridwan Kamil Dominan di Figur Capres Alternatif,Gubernur Jawa Barat Ridwan Kamil unggul dominan di survei figur capres alternatif.
342,"Survei Litbang Kompas: Ganjar 25,3%, Prabowo 18,1%, Anies 13,1%","Litbang Kompas mengeluarkan hasil survei elektabilitas terbaru untuk calon presiden. Dalam Survei tersebut, Ganjar lebih unggul dibandingkan Prabowo dan Anies."
343,Bawaslu Dorong Ada Penerjemah bagi Disabilitas Setiap Kampanye,Bawaslu mendorong peserta Pemilu 2024 untuk menyediakan penerjemah bagi kelompok disabilitas.
344,Jubir Partai Ummat Bicara Prabowo Sebagai 'Cadangan' Anies,Juru Bicara Partai Ummat Mustofa Nahrawardaya berbicara mengenai dukungan relawan basis umat Islam kepada Anies Baswedan untuk Pilpres 2024.
345,PD dan PKS Tak Iri Meski Elektabilitas NasDem Melesat Berkat Anies,PKS dan Demokrat memahami kenaikan elektoral NasDem di survei Litbang Kompas karena efek ekor jas Anies Baswedan. Meski begitu keduanya tidak merasa iri.
346,"Klaim Brand Anies Dekat PKS, NasDem: Nggak Penting!",PKS mengklaim brand Anies Baswedan dekat dengan partainya saat merespons naiknya elektabilitas Partai NasDem di survei Litbang Kompas
347,"Cegah Pencurian Data Pemilih, Bawaslu dan BSSN Bentuk Tim Keamanan Siber",Bawaslu RI dan BSSN membentuk tim keamanan siber bernama CSIRT. Tim ini dibuat untuk mencegah pencurian data pemilih.
348,Survei Litbang Kompas Capres 2024: Ganjar Ungguli Prabowo dan Anies,Survei Litbang Kompas menunjukkan elektabilitas Ganjar Pranowo unggul dibanding Prabowo Subianto dan Anies Baswedan sebagai kandidat capres pada Pilpres 2024.
349,"Dipayungi AHY, Surya Paloh Tiba di Markas Demokrat Matangkan Koalisi",Paloh langsung disambut oleh AHY. Terlihat AHY memayungi Paloh saat keluar mobil. Keduanya langsung masuk menuju Ruang Biru DPP Partai Demokrat.
350,Survei Litbang Kompas: Ridwan Kamil Dominan di Figur Capres Alternatif,Gubernur Jawa Barat Ridwan Kamil unggul dominan di survei figur capres alternatif.
351,"Survei Litbang Kompas: Ganjar 25,3%, Prabowo 18,1%, Anies 13,1%","Litbang Kompas mengeluarkan hasil survei elektabilitas terbaru untuk calon presiden. Dalam Survei tersebut, Ganjar lebih unggul dibandingkan Prabowo dan Anies."
352,Bawaslu Dorong Ada Penerjemah bagi Disabilitas Setiap Kampanye,Bawaslu mendorong peserta Pemilu 2024 untuk menyediakan penerjemah bagi kelompok disabilitas.
353,Jubir Partai Ummat Bicara Prabowo Sebagai 'Cadangan' Anies,Juru Bicara Partai Ummat Mustofa Nahrawardaya berbicara mengenai dukungan relawan basis umat Islam kepada Anies Baswedan untuk Pilpres 2024.
354,PD dan PKS Tak Iri Meski Elektabilitas NasDem Melesat Berkat Anies,PKS dan Demokrat memahami kenaikan elektoral NasDem di survei Litbang Kompas karena efek ekor jas Anies Baswedan. Meski begitu keduanya tidak merasa iri.
355,"Klaim Brand Anies Dekat PKS, NasDem: Nggak Penting!",PKS mengklaim brand Anies Baswedan dekat dengan partainya saat merespons naiknya elektabilitas Partai NasDem di survei Litbang Kompas
356,"Cegah Pencurian Data Pemilih, Bawaslu dan BSSN Bentuk Tim Keamanan Siber",Bawaslu RI dan BSSN membentuk tim keamanan siber bernama CSIRT. Tim ini dibuat untuk mencegah pencurian data pemilih.
357,Survei Litbang Kompas Capres 2024: Ganjar Ungguli Prabowo dan Anies,Survei Litbang Kompas menunjukkan elektabilitas Ganjar Pranowo unggul dibanding Prabowo Subianto dan Anies Baswedan sebagai kandidat capres pada Pilpres 2024.
358,"Dipayungi AHY, Surya Paloh Tiba di Markas Demokrat Matangkan Koalisi",Paloh langsung disambut oleh AHY. Terlihat AHY memayungi Paloh saat keluar mobil. Keduanya langsung masuk menuju Ruang Biru DPP Partai Demokrat.
359,Survei Litbang Kompas: Ridwan Kamil Dominan di Figur Capres Alternatif,Gubernur Jawa Barat Ridwan Kamil unggul dominan di survei figur capres alternatif.
360,"Survei Litbang Kompas: Ganjar 25,3%, Prabowo 18,1%, Anies 13,1%","Litbang Kompas mengeluarkan hasil survei elektabilitas terbaru untuk calon presiden. Dalam Survei tersebut, Ganjar lebih unggul dibandingkan Prabowo dan Anies."
361,Bawaslu Dorong Ada Penerjemah bagi Disabilitas Setiap Kampanye,Bawaslu mendorong peserta Pemilu 2024 untuk menyediakan penerjemah bagi kelompok disabilitas.
362,Jubir Partai Ummat Bicara Prabowo Sebagai 'Cadangan' Anies,Juru Bicara Partai Ummat Mustofa Nahrawardaya berbicara mengenai dukungan relawan basis umat Islam kepada Anies Baswedan untuk Pilpres 2024.
363,PD dan PKS Tak Iri Meski Elektabilitas NasDem Melesat Berkat Anies,PKS dan Demokrat memahami kenaikan elektoral NasDem di survei Litbang Kompas karena efek ekor jas Anies Baswedan. Meski begitu keduanya tidak merasa iri.
364,"Klaim Brand Anies Dekat PKS, NasDem: Nggak Penting!",PKS mengklaim brand Anies Baswedan dekat dengan partainya saat merespons naiknya elektabilitas Partai NasDem di survei Litbang Kompas
365,"Cegah Pencurian Data Pemilih, Bawaslu dan BSSN Bentuk Tim Keamanan Siber",Bawaslu RI dan BSSN membentuk tim keamanan siber bernama CSIRT. Tim ini dibuat untuk mencegah pencurian data pemilih.
366,Survei Litbang Kompas Capres 2024: Ganjar Ungguli Prabowo dan Anies,Survei Litbang Kompas menunjukkan elektabilitas Ganjar Pranowo unggul dibanding Prabowo Subianto dan Anies Baswedan sebagai kandidat capres pada Pilpres 2024.
367,"Dipayungi AHY, Surya Paloh Tiba di Markas Demokrat Matangkan Koalisi",Paloh langsung disambut oleh AHY. Terlihat AHY memayungi Paloh saat keluar mobil. Keduanya langsung masuk menuju Ruang Biru DPP Partai Demokrat.
368,Survei Litbang Kompas: Ridwan Kamil Dominan di Figur Capres Alternatif,Gubernur Jawa Barat Ridwan Kamil unggul dominan di survei figur capres alternatif.
369,"Survei Litbang Kompas: Ganjar 25,3%, Prabowo 18,1%, Anies 13,1%","Litbang Kompas mengeluarkan hasil survei elektabilitas terbaru untuk calon presiden. Dalam Survei tersebut, Ganjar lebih unggul dibandingkan Prabowo dan Anies."
370,Bawaslu Dorong Ada Penerjemah bagi Disabilitas Setiap Kampanye,Bawaslu mendorong peserta Pemilu 2024 untuk menyediakan penerjemah bagi kelompok disabilitas.
371,Jubir Partai Ummat Bicara Prabowo Sebagai 'Cadangan' Anies,Juru Bicara Partai Ummat Mustofa Nahrawardaya berbicara mengenai dukungan relawan basis umat Islam kepada Anies Baswedan untuk Pilpres 2024.
372,PD dan PKS Tak Iri Meski Elektabilitas NasDem Melesat Berkat Anies,PKS dan Demokrat memahami kenaikan elektoral NasDem di survei Litbang Kompas karena efek ekor jas Anies Baswedan. Meski begitu keduanya tidak merasa iri.
373,"Klaim Brand Anies Dekat PKS, NasDem: Nggak Penting!",PKS mengklaim brand Anies Baswedan dekat dengan partainya saat merespons naiknya elektabilitas Partai NasDem di survei Litbang Kompas
374,"Cegah Pencurian Data Pemilih, Bawaslu dan BSSN Bentuk Tim Keamanan Siber",Bawaslu RI dan BSSN membentuk tim keamanan siber bernama CSIRT. Tim ini dibuat untuk mencegah pencurian data pemilih.
375,Survei Litbang Kompas Capres 2024: Ganjar Ungguli Prabowo dan Anies,Survei Litbang Kompas menunjukkan elektabilitas Ganjar Pranowo unggul dibanding Prabowo Subianto dan Anies Baswedan sebagai kandidat capres pada Pilpres 2024.
376,"Dipayungi AHY, Surya Paloh Tiba di Markas Demokrat Matangkan Koalisi",Paloh langsung disambut oleh AHY. Terlihat AHY memayungi Paloh saat keluar mobil. Keduanya langsung masuk menuju Ruang Biru DPP Partai Demokrat.
377,Survei Litbang Kompas: Ridwan Kamil Dominan di Figur Capres Alternatif,Gubernur Jawa Barat Ridwan Kamil unggul dominan di survei figur capres alternatif.
378,"Survei Litbang Kompas: Ganjar 25,3%, Prabowo 18,1%, Anies 13,1%","Litbang Kompas mengeluarkan hasil survei elektabilitas terbaru untuk calon presiden. Dalam Survei tersebut, Ganjar lebih unggul dibandingkan Prabowo dan Anies."
379,Bawaslu Dorong Ada Penerjemah bagi Disabilitas Setiap Kampanye,Bawaslu mendorong peserta Pemilu 2024 untuk menyediakan penerjemah bagi kelompok disabilitas.
380,Jubir Partai Ummat Bicara Prabowo Sebagai 'Cadangan' Anies,Juru Bicara Partai Ummat Mustofa Nahrawardaya berbicara mengenai dukungan relawan basis umat Islam kepada Anies Baswedan untuk Pilpres 2024.
381,PD dan PKS Tak Iri Meski Elektabilitas NasDem Melesat Berkat Anies,PKS dan Demokrat memahami kenaikan elektoral NasDem di survei Litbang Kompas karena efek ekor jas Anies Baswedan. Meski begitu keduanya tidak merasa iri.
382,"Klaim Brand Anies Dekat PKS, NasDem: Nggak Penting!",PKS mengklaim brand Anies Baswedan dekat dengan partainya saat merespons naiknya elektabilitas Partai NasDem di survei Litbang Kompas
383,"Cegah Pencurian Data Pemilih, Bawaslu dan BSSN Bentuk Tim Keamanan Siber",Bawaslu RI dan BSSN membentuk tim keamanan siber bernama CSIRT. Tim ini dibuat untuk mencegah pencurian data pemilih.
384,Survei Litbang Kompas Capres 2024: Ganjar Ungguli Prabowo dan Anies,Survei Litbang Kompas menunjukkan elektabilitas Ganjar Pranowo unggul dibanding Prabowo Subianto dan Anies Baswedan sebagai kandidat capres pada Pilpres 2024.
385,"Dipayungi AHY, Surya Paloh Tiba di Markas Demokrat Matangkan Koalisi",Paloh langsung disambut oleh AHY. Terlihat AHY memayungi Paloh saat keluar mobil. Keduanya langsung masuk menuju Ruang Biru DPP Partai Demokrat.
386,Survei Litbang Kompas: Ridwan Kamil Dominan di Figur Capres Alternatif,Gubernur Jawa Barat Ridwan Kamil unggul dominan di survei figur capres alternatif.
387,"Survei Litbang Kompas: Ganjar 25,3%, Prabowo 18,1%, Anies 13,1%","Litbang Kompas mengeluarkan hasil survei elektabilitas terbaru untuk calon presiden. Dalam Survei tersebut, Ganjar lebih unggul dibandingkan Prabowo dan Anies."
388,Bawaslu Dorong Ada Penerjemah bagi Disabilitas Setiap Kampanye,Bawaslu mendorong peserta Pemilu 2024 untuk menyediakan penerjemah bagi kelompok disabilitas.
389,Jubir Partai Ummat Bicara Prabowo Sebagai 'Cadangan' Anies,Juru Bicara Partai Ummat Mustofa Nahrawardaya berbicara mengenai dukungan relawan basis umat Islam kepada Anies Baswedan untuk Pilpres 2024.
390,PD dan PKS Tak Iri Meski Elektabilitas NasDem Melesat Berkat Anies,PKS dan Demokrat memahami kenaikan elektoral NasDem di survei Litbang Kompas karena efek ekor jas Anies Baswedan. Meski begitu keduanya tidak merasa iri.
391,"Klaim Brand Anies Dekat PKS, NasDem: Nggak Penting!",PKS mengklaim brand Anies Baswedan dekat dengan partainya saat merespons naiknya elektabilitas Partai NasDem di survei Litbang Kompas
392,"Cegah Pencurian Data Pemilih, Bawaslu dan BSSN Bentuk Tim Keamanan Siber",Bawaslu RI dan BSSN membentuk tim keamanan siber bernama CSIRT. Tim ini dibuat untuk mencegah pencurian data pemilih.
393,Survei Litbang Kompas Capres 2024: Ganjar Ungguli Prabowo dan Anies,Survei Litbang Kompas menunjukkan elektabilitas Ganjar Pranowo unggul dibanding Prabowo Subianto dan Anies Baswedan sebagai kandidat capres pada Pilpres 2024.
394,"Dipayungi AHY, Surya Paloh Tiba di Markas Demokrat Matangkan Koalisi",Paloh langsung disambut oleh AHY. Terlihat AHY memayungi Paloh saat keluar mobil. Keduanya langsung masuk menuju Ruang Biru DPP Partai Demokrat.
395,Survei Litbang Kompas: Ridwan Kamil Dominan di Figur Capres Alternatif,Gubernur Jawa Barat Ridwan Kamil unggul dominan di survei figur capres alternatif.
396,"Survei Litbang Kompas: Ganjar 25,3%, Prabowo 18,1%, Anies 13,1%","Litbang Kompas mengeluarkan hasil survei elektabilitas terbaru untuk calon presiden. Dalam Survei tersebut, Ganjar lebih unggul dibandingkan Prabowo dan Anies."
397,Bawaslu Dorong Ada Penerjemah bagi Disabilitas Setiap Kampanye,Bawaslu mendorong peserta Pemilu 2024 untuk menyediakan penerjemah bagi kelompok disabilitas.
398,Jubir Partai Ummat Bicara Prabowo Sebagai 'Cadangan' Anies,Juru Bicara Partai Ummat Mustofa Nahrawardaya berbicara mengenai dukungan relawan basis umat Islam kepada Anies Baswedan untuk Pilpres 2024.
399,PD dan PKS Tak Iri Meski Elektabilitas NasDem Melesat Berkat Anies,PKS dan Demokrat memahami kenaikan elektoral NasDem di survei Litbang Kompas karena efek ekor jas Anies Baswedan. Meski begitu keduanya tidak merasa iri.
400,"Klaim Brand Anies Dekat PKS, NasDem: Nggak Penting!",PKS mengklaim brand Anies Baswedan dekat dengan partainya saat merespons naiknya elektabilitas Partai NasDem di survei Litbang Kompas
401,"Cegah Pencurian Data Pemilih, Bawaslu dan BSSN Bentuk Tim Keamanan Siber",Bawaslu RI dan BSSN membentuk tim keamanan siber bernama CSIRT. Tim ini dibuat untuk mencegah pencurian data pemilih.
402,Survei Litbang Kompas Capres 2024: Ganjar Ungguli Prabowo dan Anies,Survei Litbang Kompas menunjukkan elektabilitas Ganjar Pranowo unggul dibanding Prabowo Subianto dan Anies Baswedan sebagai kandidat capres pada Pilpres 2024.
403,"Dipayungi AHY, Surya Paloh Tiba di Markas Demokrat Matangkan Koalisi",Paloh langsung disambut oleh AHY. Terlihat AHY memayungi Paloh saat keluar mobil. Keduanya langsung masuk menuju Ruang Biru DPP Partai Demokrat.
404,Survei Litbang Kompas: Ridwan Kamil Dominan di Figur Capres Alternatif,Gubernur Jawa Barat Ridwan Kamil unggul dominan di survei figur capres alternatif.
405,"Survei Litbang Kompas: Ganjar 25,3%, Prabowo 18,1%, Anies 13,1%","Litbang Kompas mengeluarkan hasil survei elektabilitas terbaru untuk calon presiden. Dalam Survei tersebut, Ganjar lebih unggul dibandingkan Prabowo dan Anies."
406,Bawaslu Dorong Ada Penerjemah bagi Disabilitas Setiap Kampanye,Bawaslu mendorong peserta Pemilu 2024 untuk menyediakan penerjemah bagi kelompok disabilitas.
407,Jubir Partai Ummat Bicara Prabowo Sebagai 'Cadangan' Anies,Juru Bicara Partai Ummat Mustofa Nahrawardaya berbicara mengenai dukungan relawan basis umat Islam kepada Anies Baswedan untuk Pilpres 2024.
408,PD dan PKS Tak Iri Meski Elektabilitas NasDem Melesat Berkat Anies,PKS dan Demokrat memahami kenaikan elektoral NasDem di survei Litbang Kompas karena efek ekor jas Anies Baswedan. Meski begitu keduanya tidak merasa iri.
409,"Klaim Brand Anies Dekat PKS, NasDem: Nggak Penting!",PKS mengklaim brand Anies Baswedan dekat dengan partainya saat merespons naiknya elektabilitas Partai NasDem di survei Litbang Kompas
410,"Cegah Pencurian Data Pemilih, Bawaslu dan BSSN Bentuk Tim Keamanan Siber",Bawaslu RI dan BSSN membentuk tim keamanan siber bernama CSIRT. Tim ini dibuat untuk mencegah pencurian data pemilih.
411,Survei Litbang Kompas Capres 2024: Ganjar Ungguli Prabowo dan Anies,Survei Litbang Kompas menunjukkan elektabilitas Ganjar Pranowo unggul dibanding Prabowo Subianto dan Anies Baswedan sebagai kandidat capres pada Pilpres 2024.
412,"Dipayungi AHY, Surya Paloh Tiba di Markas Demokrat Matangkan Koalisi",Paloh langsung disambut oleh AHY. Terlihat AHY memayungi Paloh saat keluar mobil. Keduanya langsung masuk menuju Ruang Biru DPP Partai Demokrat.
413,Survei Litbang Kompas: Ridwan Kamil Dominan di Figur Capres Alternatif,Gubernur Jawa Barat Ridwan Kamil unggul dominan di survei figur capres alternatif.
414,"Survei Litbang Kompas: Ganjar 25,3%, Prabowo 18,1%, Anies 13,1%","Litbang Kompas mengeluarkan hasil survei elektabilitas terbaru untuk calon presiden. Dalam Survei tersebut, Ganjar lebih unggul dibandingkan Prabowo dan Anies."
415,Bawaslu Dorong Ada Penerjemah bagi Disabilitas Setiap Kampanye,Bawaslu mendorong peserta Pemilu 2024 untuk menyediakan penerjemah bagi kelompok disabilitas.
416,Jubir Partai Ummat Bicara Prabowo Sebagai 'Cadangan' Anies,Juru Bicara Partai Ummat Mustofa Nahrawardaya berbicara mengenai dukungan relawan basis umat Islam kepada Anies Baswedan untuk Pilpres 2024.
417,PD dan PKS Tak Iri Meski Elektabilitas NasDem Melesat Berkat Anies,PKS dan Demokrat memahami kenaikan elektoral NasDem di survei Litbang Kompas karena efek ekor jas Anies Baswedan. Meski begitu keduanya tidak merasa iri.
418,"Klaim Brand Anies Dekat PKS, NasDem: Nggak Penting!",PKS mengklaim brand Anies Baswedan dekat dengan partainya saat merespons naiknya elektabilitas Partai NasDem di survei Litbang Kompas
419,"Cegah Pencurian Data Pemilih, Bawaslu dan BSSN Bentuk Tim Keamanan Siber",Bawaslu RI dan BSSN membentuk tim keamanan siber bernama CSIRT. Tim ini dibuat untuk mencegah pencurian data pemilih.
420,Survei Litbang Kompas Capres 2024: Ganjar Ungguli Prabowo dan Anies,Survei Litbang Kompas menunjukkan elektabilitas Ganjar Pranowo unggul dibanding Prabowo Subianto dan Anies Baswedan sebagai kandidat capres pada Pilpres 2024.
421,"Dipayungi AHY, Surya Paloh Tiba di Markas Demokrat Matangkan Koalisi",Paloh langsung disambut oleh AHY. Terlihat AHY memayungi Paloh saat keluar mobil. Keduanya langsung masuk menuju Ruang Biru DPP Partai Demokrat.
422,Survei Litbang Kompas: Ridwan Kamil Dominan di Figur Capres Alternatif,Gubernur Jawa Barat Ridwan Kamil unggul dominan di survei figur capres alternatif.
423,"Survei Litbang Kompas: Ganjar 25,3%, Prabowo 18,1%, Anies 13,1%","Litbang Kompas mengeluarkan hasil survei elektabilitas terbaru untuk calon presiden. Dalam Survei tersebut, Ganjar lebih unggul dibandingkan Prabowo dan Anies."
424,Bawaslu Dorong Ada Penerjemah bagi Disabilitas Setiap Kampanye,Bawaslu mendorong peserta Pemilu 2024 untuk menyediakan penerjemah bagi kelompok disabilitas.
425,Jubir Partai Ummat Bicara Prabowo Sebagai 'Cadangan' Anies,Juru Bicara Partai Ummat Mustofa Nahrawardaya berbicara mengenai dukungan relawan basis umat Islam kepada Anies Baswedan untuk Pilpres 2024.
426,PD dan PKS Tak Iri Meski Elektabilitas NasDem Melesat Berkat Anies,PKS dan Demokrat memahami kenaikan elektoral NasDem di survei Litbang Kompas karena efek ekor jas Anies Baswedan. Meski begitu keduanya tidak merasa iri.
427,"Klaim Brand Anies Dekat PKS, NasDem: Nggak Penting!",PKS mengklaim brand Anies Baswedan dekat dengan partainya saat merespons naiknya elektabilitas Partai NasDem di survei Litbang Kompas
428,"Cegah Pencurian Data Pemilih, Bawaslu dan BSSN Bentuk Tim Keamanan Siber",Bawaslu RI dan BSSN membentuk tim keamanan siber bernama CSIRT. Tim ini dibuat untuk mencegah pencurian data pemilih.
429,Survei Litbang Kompas Capres 2024: Ganjar Ungguli Prabowo dan Anies,Survei Litbang Kompas menunjukkan elektabilitas Ganjar Pranowo unggul dibanding Prabowo Subianto dan Anies Baswedan sebagai kandidat capres pada Pilpres 2024.
430,"Dipayungi AHY, Surya Paloh Tiba di Markas Demokrat Matangkan Koalisi",Paloh langsung disambut oleh AHY. Terlihat AHY memayungi Paloh saat keluar mobil. Keduanya langsung masuk menuju Ruang Biru DPP Partai Demokrat.
431,Survei Litbang Kompas: Ridwan Kamil Dominan di Figur Capres Alternatif,Gubernur Jawa Barat Ridwan Kamil unggul dominan di survei figur capres alternatif.
432,"Survei Litbang Kompas: Ganjar 25,3%, Prabowo 18,1%, Anies 13,1%","Litbang Kompas mengeluarkan hasil survei elektabilitas terbaru untuk calon presiden. Dalam Survei tersebut, Ganjar lebih unggul dibandingkan Prabowo dan Anies."
433,Bawaslu Dorong Ada Penerjemah bagi Disabilitas Setiap Kampanye,Bawaslu mendorong peserta Pemilu 2024 untuk menyediakan penerjemah bagi kelompok disabilitas.
434,Jubir Partai Ummat Bicara Prabowo Sebagai 'Cadangan' Anies,Juru Bicara Partai Ummat Mustofa Nahrawardaya berbicara mengenai dukungan relawan basis umat Islam kepada Anies Baswedan untuk Pilpres 2024.
435,PD dan PKS Tak Iri Meski Elektabilitas NasDem Melesat Berkat Anies,PKS dan Demokrat memahami kenaikan elektoral NasDem di survei Litbang Kompas karena efek ekor jas Anies Baswedan. Meski begitu keduanya tidak merasa iri.
436,"Klaim Brand Anies Dekat PKS, NasDem: Nggak Penting!",PKS mengklaim brand Anies Baswedan dekat dengan partainya saat merespons naiknya elektabilitas Partai NasDem di survei Litbang Kompas
437,"Cegah Pencurian Data Pemilih, Bawaslu dan BSSN Bentuk Tim Keamanan Siber",Bawaslu RI dan BSSN membentuk tim keamanan siber bernama CSIRT. Tim ini dibuat untuk mencegah pencurian data pemilih.
438,Survei Litbang Kompas Capres 2024: Ganjar Ungguli Prabowo dan Anies,Survei Litbang Kompas menunjukkan elektabilitas Ganjar Pranowo unggul dibanding Prabowo Subianto dan Anies Baswedan sebagai kandidat capres pada Pilpres 2024.
439,"Dipayungi AHY, Surya Paloh Tiba di Markas Demokrat Matangkan Koalisi",Paloh langsung disambut oleh AHY. Terlihat AHY memayungi Paloh saat keluar mobil. Keduanya langsung masuk menuju Ruang Biru DPP Partai Demokrat.
440,Survei Litbang Kompas: Ridwan Kamil Dominan di Figur Capres Alternatif,Gubernur Jawa Barat Ridwan Kamil unggul dominan di survei figur capres alternatif.
441,"Survei Litbang Kompas: Ganjar 25,3%, Prabowo 18,1%, Anies 13,1%","Litbang Kompas mengeluarkan hasil survei elektabilitas terbaru untuk calon presiden. Dalam Survei tersebut, Ganjar lebih unggul dibandingkan Prabowo dan Anies."
442,Bawaslu Dorong Ada Penerjemah bagi Disabilitas Setiap Kampanye,Bawaslu mendorong peserta Pemilu 2024 untuk menyediakan penerjemah bagi kelompok disabilitas.
443,Jubir Partai Ummat Bicara Prabowo Sebagai 'Cadangan' Anies,Juru Bicara Partai Ummat Mustofa Nahrawardaya berbicara mengenai dukungan relawan basis umat Islam kepada Anies Baswedan untuk Pilpres 2024.
444,PD dan PKS Tak Iri Meski Elektabilitas NasDem Melesat Berkat Anies,PKS dan Demokrat memahami kenaikan elektoral NasDem di survei Litbang Kompas karena efek ekor jas Anies Baswedan. Meski begitu keduanya tidak merasa iri.
445,"Klaim Brand Anies Dekat PKS, NasDem: Nggak Penting!",PKS mengklaim brand Anies Baswedan dekat dengan partainya saat merespons naiknya elektabilitas Partai NasDem di survei Litbang Kompas
446,"Cegah Pencurian Data Pemilih, Bawaslu dan BSSN Bentuk Tim Keamanan Siber",Bawaslu RI dan BSSN membentuk tim keamanan siber bernama CSIRT. Tim ini dibuat untuk mencegah pencurian data pemilih.
447,Survei Litbang Kompas Capres 2024: Ganjar Ungguli Prabowo dan Anies,Survei Litbang Kompas menunjukkan elektabilitas Ganjar Pranowo unggul dibanding Prabowo Subianto dan Anies Baswedan sebagai kandidat capres pada Pilpres 2024.
448,"Dipayungi AHY, Surya Paloh Tiba di Markas Demokrat Matangkan Koalisi",Paloh langsung disambut oleh AHY. Terlihat AHY memayungi Paloh saat keluar mobil. Keduanya langsung masuk menuju Ruang Biru DPP Partai Demokrat.
449,Survei Litbang Kompas: Ridwan Kamil Dominan di Figur Capres Alternatif,Gubernur Jawa Barat Ridwan Kamil unggul dominan di survei figur capres alternatif.
450,"Survei Litbang Kompas: Ganjar 25,3%, Prabowo 18,1%, Anies 13,1%","Litbang Kompas mengeluarkan hasil survei elektabilitas terbaru untuk calon presiden. Dalam Survei tersebut, Ganjar lebih unggul dibandingkan Prabowo dan Anies."
451,Bawaslu Dorong Ada Penerjemah bagi Disabilitas Setiap Kampanye,Bawaslu mendorong peserta Pemilu 2024 untuk menyediakan penerjemah bagi kelompok disabilitas.
452,Jubir Partai Ummat Bicara Prabowo Sebagai 'Cadangan' Anies,Juru Bicara Partai Ummat Mustofa Nahrawardaya berbicara mengenai dukungan relawan basis umat Islam kepada Anies Baswedan untuk Pilpres 2024.
453,PD dan PKS Tak Iri Meski Elektabilitas NasDem Melesat Berkat Anies,PKS dan Demokrat memahami kenaikan elektoral NasDem di survei Litbang Kompas karena efek ekor jas Anies Baswedan. Meski begitu keduanya tidak merasa iri.
454,"Klaim Brand Anies Dekat PKS, NasDem: Nggak Penting!",PKS mengklaim brand Anies Baswedan dekat dengan partainya saat merespons naiknya elektabilitas Partai NasDem di survei Litbang Kompas
455,"Cegah Pencurian Data Pemilih, Bawaslu dan BSSN Bentuk Tim Keamanan Siber",Bawaslu RI dan BSSN membentuk tim keamanan siber bernama CSIRT. Tim ini dibuat untuk mencegah pencurian data pemilih.
456,Survei Litbang Kompas Capres 2024: Ganjar Ungguli Prabowo dan Anies,Survei Litbang Kompas menunjukkan elektabilitas Ganjar Pranowo unggul dibanding Prabowo Subianto dan Anies Baswedan sebagai kandidat capres pada Pilpres 2024.
457,"Dipayungi AHY, Surya Paloh Tiba di Markas Demokrat Matangkan Koalisi",Paloh langsung disambut oleh AHY. Terlihat AHY memayungi Paloh saat keluar mobil. Keduanya langsung masuk menuju Ruang Biru DPP Partai Demokrat.
458,Survei Litbang Kompas: Ridwan Kamil Dominan di Figur Capres Alternatif,Gubernur Jawa Barat Ridwan Kamil unggul dominan di survei figur capres alternatif.
459,"Survei Litbang Kompas: Ganjar 25,3%, Prabowo 18,1%, Anies 13,1%","Litbang Kompas mengeluarkan hasil survei elektabilitas terbaru untuk calon presiden. Dalam Survei tersebut, Ganjar lebih unggul dibandingkan Prabowo dan Anies."
460,Bawaslu Dorong Ada Penerjemah bagi Disabilitas Setiap Kampanye,Bawaslu mendorong peserta Pemilu 2024 untuk menyediakan penerjemah bagi kelompok disabilitas.
461,Jubir Partai Ummat Bicara Prabowo Sebagai 'Cadangan' Anies,Juru Bicara Partai Ummat Mustofa Nahrawardaya berbicara mengenai dukungan relawan basis umat Islam kepada Anies Baswedan untuk Pilpres 2024.
462,PD dan PKS Tak Iri Meski Elektabilitas NasDem Melesat Berkat Anies,PKS dan Demokrat memahami kenaikan elektoral NasDem di survei Litbang Kompas karena efek ekor jas Anies Baswedan. Meski begitu keduanya tidak merasa iri.
463,"Klaim Brand Anies Dekat PKS, NasDem: Nggak Penting!",PKS mengklaim brand Anies Baswedan dekat dengan partainya saat merespons naiknya elektabilitas Partai NasDem di survei Litbang Kompas
464,"Cegah Pencurian Data Pemilih, Bawaslu dan BSSN Bentuk Tim Keamanan Siber",Bawaslu RI dan BSSN membentuk tim keamanan siber bernama CSIRT. Tim ini dibuat untuk mencegah pencurian data pemilih.
465,Survei Litbang Kompas Capres 2024: Ganjar Ungguli Prabowo dan Anies,Survei Litbang Kompas menunjukkan elektabilitas Ganjar Pranowo unggul dibanding Prabowo Subianto dan Anies Baswedan sebagai kandidat capres pada Pilpres 2024.
466,"Dipayungi AHY, Surya Paloh Tiba di Markas Demokrat Matangkan Koalisi",Paloh langsung disambut oleh AHY. Terlihat AHY memayungi Paloh saat keluar mobil. Keduanya langsung masuk menuju Ruang Biru DPP Partai Demokrat.
467,Survei Litbang Kompas: Ridwan Kamil Dominan di Figur Capres Alternatif,Gubernur Jawa Barat Ridwan Kamil unggul dominan di survei figur capres alternatif.
468,"Survei Litbang Kompas: Ganjar 25,3%, Prabowo 18,1%, Anies 13,1%","Litbang Kompas mengeluarkan hasil survei elektabilitas terbaru untuk calon presiden. Dalam Survei tersebut, Ganjar lebih unggul dibandingkan Prabowo dan Anies."
469,Bawaslu Dorong Ada Penerjemah bagi Disabilitas Setiap Kampanye,Bawaslu mendorong peserta Pemilu 2024 untuk menyediakan penerjemah bagi kelompok disabilitas.
470,Jubir Partai Ummat Bicara Prabowo Sebagai 'Cadangan' Anies,Juru Bicara Partai Ummat Mustofa Nahrawardaya berbicara mengenai dukungan relawan basis umat Islam kepada Anies Baswedan untuk Pilpres 2024.
471,PD dan PKS Tak Iri Meski Elektabilitas NasDem Melesat Berkat Anies,PKS dan Demokrat memahami kenaikan elektoral NasDem di survei Litbang Kompas karena efek ekor jas Anies Baswedan. Meski begitu keduanya tidak merasa iri.
472,"Klaim Brand Anies Dekat PKS, NasDem: Nggak Penting!",PKS mengklaim brand Anies Baswedan dekat dengan partainya saat merespons naiknya elektabilitas Partai NasDem di survei Litbang Kompas
